ArticleID,NativeEnglish
1,1
2,1
3,1
4,1
5,1
6,1
7,1
8,0
9,1
10,1
11,0
12,0
13,0
14,1
15,1
16,1
17,1
18,1
19,1
20,0
21,0
22,0
23,0
24,1
25,0
26,0
27,1
28,0
29,1
30,0
31,0
32,1
33,1
34,0
35,1
36,1
37,1
38,1
39,1
40,0
41,0
42,1
43,1
44,1
45,1
46,1
47,1
48,0
49,1
50,1
51,1
52,1
53,0
54,0
55,0
56,1
57,0
58,1
59,1
60,1
61,1
62,1
63,1
64,0
65,1
66,1
67,1
68,1
69,1
70,1
71,0
72,0
73,1
74,1
75,1
76,1
77,1
78,1
79,1
80,1
81,0
82,0
83,0
84,1
85,1
86,1
87,1
88,1
89,0
90,1
91,1
92,0
93,1
94,1
95,0
96,0
97,1
98,0
99,1
100,1
101,0
102,1
103,1
104,0
105,0
106,1
107,1
108,1
109,1
110,0
111,0
112,1
113,1
114,1
115,1
116,1
117,1
118,1
119,1
120,1
121,0
122,1
123,1
124,0
125,1
126,0
127,1
128,1
129,1
130,1
131,1
132,1
133,1
134,1
135,1
136,0
137,0
138,1
139,0
140,1
141,0
142,0
143,0
144,1
145,1
146,1
147,1
148,0
149,0
150,1
151,1
152,1
153,1
154,1
155,1
156,1
157,1
158,1
159,1
160,1
161,0
162,1
163,1
164,1
165,1
166,1
167,1
168,1
169,1
170,1
171,1
172,1
173,1
174,1
175,1
176,1
177,1
178,0
179,1
180,1
181,1
182,1
183,1
184,1
185,0
186,1
187,0
188,1
189,1
190,0
191,0
192,0
193,1
194,0
195,1
196,0
197,0
198,1
199,1
200,1
201,1
202,1
203,1
204,0
205,1
206,1
207,0
208,1
209,1
210,0
211,0
212,1
213,1
214,1
215,1
216,1
217,0
218,1
219,1
220,1
221,1
222,1
223,1
224,0
225,1
226,1
227,1
228,1
229,0
230,1
231,1
232,0
233,1
234,1
235,1
236,1
237,0
238,1
239,1
240,0
241,1
242,1
243,0
244,1
245,1
246,1
247,1
248,1
249,1
250,1
251,0
252,0
253,1
254,1
255,1
256,1
257,1
258,1
259,0
260,0
261,1
262,0
263,0
264,1
265,1
266,0
267,1
268,1
269,1
270,1
271,1
272,1
273,1
274,1
275,0
276,1
277,1
278,1
279,1
280,1
281,0
282,0
283,1
284,1
285,1
286,1
287,1
288,0
289,1
290,1
291,1
292,0
293,1
294,0
295,1
296,0
297,0
298,1
299,0
300,0
301,0
302,0
303,1
304,1
305,1
306,0
307,1
308,1
309,0
310,0
311,1
312,0
313,0
314,1
315,0
316,1
317,0
318,1
319,1
320,1
321,1
322,1
323,1
324,1
325,1
326,1
327,1
328,1
329,1
330,0
331,1
332,0
333,1
334,1
335,0
336,1
337,1
338,1
339,1
340,1
341,1
342,1
343,1
344,1
345,1
346,1
347,1
348,1
349,1
350,1
351,1
352,0
353,0
354,1
355,0
356,1
357,1
358,1
359,1
360,1
361,0
362,0
363,1
364,1
365,0
366,1
367,1
368,1
369,1
370,0
371,1
372,1
373,1
374,1
375,1
376,1
377,1
378,1
379,0
380,1
381,1
382,1
383,1
384,1
385,1
386,1
387,0
388,1
389,1
390,0
391,1
392,0
393,1
394,1
395,0
396,1
397,1
398,0
399,0
400,0
401,1
402,0
403,1
404,1
405,0
406,0
407,1
408,0
409,1
410,1
411,1
412,1
413,1
414,0
415,1
416,1
417,1
418,1
419,1
420,1
421,1
422,0
423,1
424,1
425,1
426,1
427,0
428,1
429,1
430,0
431,1
432,1
433,0
434,1
435,0
436,0
437,1
438,1
439,1
440,0
441,0
442,0
443,1
444,1
445,1
446,1
447,1
448,1
449,0
450,0
451,0
452,1
453,1
454,1
455,0
456,1
457,1
458,1
459,1
460,1
461,1
462,0
463,1
464,1
465,1
466,1
467,1
468,1
469,1
470,1
471,1
472,0
473,1
474,1
475,1
476,1
477,1
478,1
479,0
480,0
481,1
482,0
483,1
484,1
485,1
486,0
487,1
488,1
489,1
490,1
491,1
492,1
493,0
494,1
495,0
496,1
497,1
498,1
499,1
500,1
501,1
502,1
503,1
504,1
505,0
506,1
507,1
508,0
509,1
510,1
511,0
512,1
513,1
514,1
515,1
516,1
517,0
518,1
519,0
520,0
521,1
522,1
523,1
524,1
525,0
526,1
527,1
528,1
529,1
530,1
531,0
532,1
533,1
534,1
535,1
536,1
537,1
538,1
539,1
540,1
541,0
542,0
543,1
544,0
545,1
546,1
547,1
548,1
549,1
550,1
551,1
552,0
553,1
554,1
555,1
556,1
557,1
558,1
559,1
560,1
561,1
562,1
563,1
564,1
565,1
566,1
567,1
568,0
569,1
570,0
571,1
572,1
573,1
574,1
575,0
576,1
577,1
578,0
579,1
580,1
582,0
583,0
584,1
585,1
586,1
587,1
588,1
589,0
590,1
591,1
592,1
593,1
594,1
595,1
596,1
597,0
598,1
599,1
600,1
601,1
602,1
603,1
604,1
605,1
606,1
607,1
608,1
609,0
610,0
611,1
612,0
613,1
614,1
615,0
616,0
617,1
618,1
619,0
620,0
621,0
622,1
623,1
624,0
625,1
626,0
627,0
628,1
629,1
630,1
631,0
632,1
633,1
634,1
635,0
636,1
637,1
638,1
639,0
640,1
641,0
642,1
643,0
644,0
645,1
646,0
647,1
648,1
649,0
650,0
651,1
652,1
653,1
654,1
655,1
656,0
657,1
658,0
659,1
660,1
661,1
662,1
663,1
664,1
665,1
666,0
667,1
668,1
669,1
670,0
671,1
672,1
673,0
674,0
675,1
676,1
677,1
678,1
679,0
680,1
681,1
682,1
683,1
684,1
685,0
686,0
687,1
688,1
689,1
690,1
691,0
692,1
693,0
694,0
695,1
696,1
697,0
698,1
699,0
700,0
701,1
702,1
703,1
704,0
705,0
706,1
707,0
708,0
709,1
710,1
711,1
712,1
713,0
714,1
715,1
716,1
717,0
718,1
719,1
720,1
721,1
722,0
723,0
724,1
725,1
726,1
727,1
728,1
729,1
730,1
731,1
732,1
733,1
734,0
735,0
736,0
737,1
738,1
739,1
740,1
741,1
742,1
743,1
744,1
745,0
746,1
747,1
748,1
749,1
750,1
751,1
752,1
753,1
754,0
755,1
756,1
757,1
758,1
759,1
760,1
761,1
762,1
763,1
764,1
765,1
766,1
767,1
768,1
769,1
770,1
771,1
772,1
773,1
774,1
775,0
776,1
777,1
778,0
779,1
780,1
781,1
782,1
783,1
784,1
785,0
786,0
787,1
788,0
789,1
790,0
791,0
792,0
793,0
794,1
795,0
796,1
797,1
798,0
799,1
800,0
801,1
802,1
803,1
804,1
805,0
806,1
807,1
808,1
809,0
810,1
811,1
812,1
813,1
814,1
815,1
816,1
817,0
818,1
819,1
820,1
821,1
822,1
823,1
824,0
825,0
826,0
827,0
828,1
829,1
830,1
831,0
832,0
833,0
834,1
835,1
836,1
837,1
838,1
839,1
840,1
841,1
842,1
843,1
844,1
845,1
846,0
847,1
848,1
849,1
850,1
851,1
852,1
853,0
854,1
855,0
856,1
857,1
858,1
859,1
860,1
861,1
862,1
863,0
864,1
865,1
866,1
867,0
868,1
869,1
870,1
871,1
872,1
873,0
874,1
875,1
876,1
877,1
878,1
879,0
880,0
881,1
882,1
883,0
884,1
885,0
886,1
887,1
888,0
889,0
890,1
891,1
892,1
893,1
894,1
895,1
896,0
897,1
898,0
899,1
900,1
901,0
902,1
903,1
904,0
905,1
906,0
907,1
908,1
909,1
910,1
911,0
912,1
913,1
914,1
915,0
916,0
917,1
918,1
919,0
920,1
921,1
922,1
923,1
924,1
925,1
926,1
927,1
928,1
929,0
930,1
931,1
932,1
933,1
934,1
935,1
936,1
937,1
938,1
939,1
940,1
941,1
942,1
943,0
944,1
945,1
946,1
947,1
948,1
949,1
950,1
951,1
952,1
953,1
954,0
955,1
956,1
957,1
958,1
959,1
960,1
961,1
962,1
963,1
964,1
965,0
966,1
967,1
968,0
969,0
970,1
971,1
972,0
973,1
974,1
975,0
976,0
977,1
978,0
979,1
980,0
981,1
982,0
983,0
984,1
985,1
986,1
987,1
988,1
989,1
990,0
991,1
992,1
993,1
994,1
995,1
996,0
997,1
998,1
999,0
1000,1
1001,1
1002,1
1003,1
1004,0
1005,0
1006,0
1007,0
1008,1
1009,1
1010,1
1011,1
1012,1
1013,0
1014,1
1015,1
1016,1
1017,0
1018,0
1019,1
1020,1
1021,1
1022,1
1023,1
1024,0
1025,1
1026,1
1027,0
1028,1
1029,0
1030,1
1031,1
1032,1
1033,1
1034,0
1035,1
1036,1
1037,1
1038,1
1039,0
1040,1
1041,1
1042,1
1043,1
1044,0
1045,0
1046,1
1047,1
1048,1
1049,1
1050,0
1051,0
1052,1
1053,1
1054,1
1055,1
1056,0
1057,1
1058,1
1059,1
1060,0
1061,1
1062,0
1063,0
1064,1
1065,1
1066,1
1067,1
1068,1
1069,1
1070,1
1071,1
1072,1
1073,1
1074,1
1075,1
1076,1
1077,0
1078,0
1079,1
1080,1
1081,1
1082,1
1083,1
1084,1
1085,1
1086,1
1087,0
1088,0
1089,1
1090,1
1091,0
1092,0
1093,0
1094,1
1095,0
1096,0
1097,1
1098,1
1099,1
1100,1
1101,1
1102,1
1103,0
1104,1
1105,1
1106,1
1107,1
1108,0
1109,0
1110,1
1111,0
1112,1
1113,0
1114,1
1115,1
1116,1
1117,0
1118,0
1119,0
1120,1
1121,0
1122,0
1123,1
1124,1
1125,1
1126,1
1127,0
1128,1
1129,0
1130,1
1131,1
1132,1
1133,0
1134,1
1135,0
1136,1
1137,1
1138,1
1139,1
1140,0
1141,0
1142,1
1143,0
1144,1
1145,1
1146,1
1147,1
1148,0
1149,1
1150,0
1151,1
1152,0
1153,1
1154,1
1155,1
1156,0
1157,0
1158,0
1159,1
1160,1
1161,1
1162,0
1163,1
1164,1
1165,1
1166,1
1167,1
1168,1
1169,0
1170,0
1171,0
1172,0
1173,0
1174,0
1175,1
1176,1
1177,1
1178,1
1179,1
1180,1
1181,1
1182,1
1183,1
1184,1
1185,1
1186,1
1187,1
1188,1
1189,1
1190,1
1191,0
1192,1
1193,1
1194,0
1195,1
1196,0
1197,1
1198,1
1199,1
1200,1
1201,0
1202,1
1203,1
1204,1
1205,0
1206,1
1207,1
1208,0
1209,1
1210,1
1211,0
1212,0
1213,0
1214,1
1215,1
1216,1
1217,0
1218,1
1219,0
1220,1
1221,0
1222,1
1223,1
1224,1
1225,0
1226,0
1227,1
1228,1
1229,1
1230,0
1231,1
1232,1
1233,0
1234,1
1235,0
1236,1
1237,1
1238,1
1239,1
1240,0
1241,1
1242,1
1243,1
1244,1
1245,1
1246,1
1247,0
1248,1
1249,1
1250,1
1251,1
1252,0
1253,0
1254,0
1255,1
1256,0
1257,1
1258,1
1259,1
1260,1
1261,1
1262,0
1263,1
1264,1
1265,1
1266,1
1267,1
1268,1
1269,1
1270,0
1271,1
1272,0
1273,1
1274,0
1275,0
1276,1
1277,1
1278,1
1279,1
1280,1
1281,0
1282,1
1283,0
1284,1
1285,1
1286,0
1287,1
1288,0
1289,0
1290,0
1291,0
1292,1
1293,1
1294,0
1295,1
1296,1
1297,1
1298,1
1299,1
1300,1
1301,1
1302,0
1303,1
1304,0
1305,1
1306,1
1307,1
1308,0
1309,0
1310,1
1311,0
1312,1
1313,1
1314,1
1315,1
1316,0
1317,1
1318,1
1319,0
1320,0
1321,1
1322,1
1323,1
1324,1
1325,1
1326,0
1327,1
1328,1
1329,0
1330,1
1331,1
1332,1
1333,1
1334,0
1335,0
1336,1
1337,0
1338,1
1339,1
1340,1
1341,1
1342,1
1343,1
1344,1
1345,0
1346,1
1347,1
1348,1
1349,0
1350,1
1351,1
1352,1
1353,1
1354,0
1355,1
1356,1
1357,0
1358,0
1359,0
1360,1
1361,1
1362,1
1363,0
1364,0
1365,1
1366,1
1367,1
1368,1
1369,1
1370,1
1371,1
1372,1
1373,1
1374,1
1375,1
1376,0
1377,0
1378,1
1379,0
1380,1
1381,0
1382,1
1383,1
1384,1
1385,1
1386,1
1387,1
1388,1
1389,1
1390,1
1391,0
1392,1
1393,0
1394,1
1395,1
1396,1
1397,1
1398,0
1399,1
1400,1
1401,0
1402,1
1403,0
1404,1
1405,0
1406,1
1407,0
1408,1
1409,1
1410,1
1411,0
1412,1
1413,0
1414,1
1415,1
1416,0
1417,1
1418,1
1419,0
1420,1
1421,0
1422,1
1423,1
1424,1
1425,0
1426,1
1427,0
1428,0
1429,1
1430,1
1431,1
1432,0
1433,0
1434,1
1435,1
1436,1
1437,1
1438,0
1439,1
1440,1
1441,0
1442,0
1443,0
1444,1
1445,1
1446,0
1447,1
1448,1
1449,1
1450,1
1451,1
1452,1
1453,1
1454,1
1455,1
1456,0
1457,0
1458,1
1459,1
1460,0
1461,1
1462,1
1463,1
1464,1
1465,1
1466,1
1467,1
1468,0
1469,1
1470,1
1471,1
1472,1
1473,1
1474,1
1475,1
1476,1
1477,1
1478,1
1479,0
1480,1
1481,1
1482,1
1483,1
1484,1
1485,1
1486,1
1487,1
1488,1
1489,0
1490,1
1491,1
1492,1
1493,0
1494,1
1495,0
1496,1
1497,1
1498,1
1499,1
1500,1
1501,1
1502,0
1503,1
1504,1
1505,0
1506,1
1507,1
1508,0
1509,1
1510,1
1511,1
1512,1
1513,1
1514,1
1515,1
1516,1
1517,1
1518,1
1519,1
1520,1
1521,1
1522,1
1523,0
1524,1
1525,1
1526,1
1527,1
1528,1
1529,1
1530,0
1531,1
1532,1
1533,0
1534,1
1535,1
1536,1
1537,0
1538,1
1539,0
1540,0
1541,0
1542,0
1543,1
1544,1
1545,0
1546,1
1547,1
1548,1
1549,1
1550,1
1551,1
1552,1
1553,1
1554,1
1555,1
1556,1
1557,1
1558,1
1559,1
1560,1
1561,1
1562,0
1563,1
1564,1
1565,1
1566,1
1567,0
1568,1
1569,1
1570,1
1571,0
1572,0
1573,1
1574,1
1575,0
1576,0
1577,1
1578,1
1579,0
1580,1
1581,1
1582,1
1583,0
1584,0
1585,1
1586,1
1587,0
1588,0
1589,1
1590,0
1591,1
1592,1
1593,1
1594,0
1595,1
1596,1
1597,1
1598,1
1599,1
1600,1
1601,1
1602,1
1603,1
1604,1
1605,1
1606,1
1607,0
1608,1
1609,1
1610,0
1611,1
1612,0
1613,1
1614,1
1615,1
1616,1
1617,1
1618,1
1619,0
1620,1
1621,0
1622,1
1623,0
1624,0
1625,0
1626,1
1627,1
1628,1
1629,1
1630,1
1631,0
1632,1
1633,1
1634,1
1635,1
1636,1
1637,1
1638,1
1639,1
1640,1
1641,1
1642,1
1643,1
1644,1
1645,0
1646,0
1647,0
1648,0
1649,1
1650,1
1651,0
1652,0
1653,0
1654,1
1655,1
1656,1
1657,1
1658,1
1659,0
1660,1
1661,1
1662,1
1663,0
1664,1
1665,1
1666,1
1667,1
1668,1
1669,1
1670,1
1671,1
1672,1
1673,0
1674,1
1675,1
1676,1
1677,1
1678,1
1679,0
1680,0
1681,1
1682,1
1683,1
1684,0
1685,0
1686,1
1687,1
1688,0
1689,1
1690,1
1691,1
1692,0
1693,1
1694,0
1695,0
1696,1
1697,1
1698,1
1699,1
1700,0
1701,1
1702,1
1703,1
1704,1
1705,1
1706,1
1707,1
1708,1
1709,1
1710,1
1711,1
1712,1
1713,1
1714,0
1715,1
1716,0
1717,0
1718,1
1719,1
1720,0
1721,0
1722,1
1723,1
1724,1
1725,1
1726,1
1727,1
1728,1
1729,1
1730,0
1731,0
1732,1
1733,1
1734,1
1735,1
1736,0
1737,1
1738,0
1739,1
1740,0
1741,1
1742,1
1743,1
1744,0
1745,1
1746,1
1747,1
1748,1
1749,0
1750,1
1751,1
1752,0
1753,0
1754,1
1755,1
1756,1
1757,0
1758,1
1759,0
1760,1
1761,1
1762,0
1763,0
1764,1
1765,1
1766,0
1767,1
1768,1
1769,1
1770,1
1771,1
1772,0
1773,1
1774,0
1775,1
1776,0
1777,0
1778,1
1779,1
1780,1
1781,1
1782,1
1783,0
1784,1
1785,0
1786,1
1787,1
1788,1
1789,1
1790,1
1791,1
1792,0
1793,1
1794,1
1795,1
1796,1
1797,0
1798,0
1799,0
1800,1
1801,1
1802,1
1803,1
1804,1
1805,0
1806,1
1807,1
1808,1
1809,1
1810,1
1811,1
1812,1
1813,0
1814,0
1815,1
1816,1
1817,1
1818,1
1819,0
1820,1
1821,1
1822,1
1823,0
1824,1
1825,1
1826,0
1827,1
1828,1
1829,0
1830,1
1831,0
1832,1
1833,1
1834,1
1835,0
1836,0
1837,0
1838,1
1839,1
1840,1
1841,1
1842,0
1843,0
1844,1
1845,0
1846,1
1847,1
1848,0
1849,1
1850,0
1851,1
1852,1
1853,0
1854,0
1855,0
1856,0
1857,1
1858,1
1859,1
1860,1
1861,1
1862,1
1863,0
1864,1
1865,1
1866,1
1867,0
1868,1
1869,0
1870,1
1871,1
1872,1
1873,0
1874,1
1875,0
1876,1
1877,0
1878,1
1879,1
1880,0
1881,1
1882,0
1883,0
1884,1
1885,1
1886,0
1887,1
1888,1
1889,1
1890,1
1891,0
1892,1
1893,1
1894,0
1895,1
1896,1
1897,1
1898,1
1899,1
1900,1
1901,0
1902,0
1903,0
1904,0
1905,0
1906,1
1907,1
1908,0
1909,1
1910,1
1911,0
1912,1
1913,1
1914,1
1915,0
1916,0
1917,1
1918,1
1919,1
1920,1
1921,1
1922,1
1923,1
1924,1
1925,1
1926,1
1927,1
1928,1
1929,1
1930,1
1931,0
1932,1
1933,1
1934,0
1935,1
1936,1
1937,1
1938,1
1939,1
1940,0
1941,1
1942,0
1943,1
1944,1
1945,1
1946,0
1947,1
1948,1
1949,1
1950,0
1951,1
1952,1
1953,1
1954,1
1955,1
1956,1
1957,1
1958,1
1959,0
1960,1
1961,0
1962,1
1963,0
1964,1
1965,0
1966,1
1967,1
1968,0
1969,1
1970,1
1971,1
1972,0
1973,1
1974,0
1975,1
1976,1
1977,1
1978,1
1979,1
1980,1
1981,0
1982,0
1983,1
1984,1
1985,0
1986,1
1987,0
1988,0
1989,0
1990,0
1991,1
1992,1
1993,0
1994,1
1995,1
1996,0
1997,1
1998,1
1999,1
2000,1
2001,1
2002,0
2003,0
2004,0
2005,1
2006,1
2007,1
2008,0
2009,1
2010,1
2011,1
2012,1
2013,1
2014,0
2015,0
2016,1
2017,1
2018,0
2019,1
2020,1
2021,0
2022,1
2023,0
2024,1
2025,0
2026,1
2027,1
2028,1
2029,1
2030,1
2031,0
2032,1
2033,0
2034,0
2035,1
2036,1
2037,1
2038,1
2039,1
2040,1
2041,1
2042,1
2043,1
2044,0
2045,1
2046,0
2047,0
2048,1
2049,0
2050,0
2051,1
2052,0
2053,0
2054,1
2055,1
2056,1
2057,1
2058,1
2059,0
2060,0
2061,0
2062,0
2063,0
2064,1
2065,1
2066,0
2067,1
2068,0
2069,0
2070,0
2071,1
2072,1
2073,1
2074,0
2075,0
2076,0
2077,1
2078,0
2079,1
2080,0
2081,1
2082,0
2083,0
2084,1
2085,1
2086,1
2087,1
2088,1
2089,1
2090,1
2091,1
2092,1
2093,1
2094,1
2095,1
2096,1
2097,1
2098,1
2099,1
2100,1
2101,0
2102,0
2103,1
2104,0
2105,1
2106,1
2107,1
2108,1
2109,0
2110,1
2111,1
2112,1
2113,1
2114,1
2115,0
2116,0
2117,1
2118,0
2119,1
2120,1
2121,0
2122,1
2123,1
2124,0
2125,1
2126,1
2127,0
2128,1
2129,1
2130,1
2131,1
2132,1
2133,1
2134,1
2135,0
2136,0
2137,1
2138,1
2139,0
2140,1
2141,1
2142,1
2143,1
2144,1
2145,1
2146,1
2147,0
2148,1
2149,1
2150,1
2151,1
2152,0
2153,1
2154,0
2155,1
2156,1
2157,0
2158,0
2159,1
2160,1
2161,0
2162,1
2163,1
2164,0
2165,1
2166,0
2167,1
2168,1
2169,1
2170,0
2171,0
2172,1
2173,1
2174,1
2175,1
2176,1
2177,1
2178,0
2179,1
2180,1
2181,1
2182,1
2183,1
2184,1
2185,1
2186,1
2187,1
2188,1
2189,1
2190,0
2191,1
2192,1
2193,0
2194,1
2195,1
2196,1
2197,1
2198,1
2199,1
2200,1
2201,1
2202,1
2203,1
2204,1
2205,1
2206,1
2207,1
2208,1
2209,1
2210,1
2211,1
2212,1
2213,1
2214,1
2215,1
2216,1
2217,1
2218,1
2219,1
2220,1
2221,1
2222,1
2223,1
2224,1
2225,1
2226,1
2227,1
2228,1
2229,1
2230,1
2231,1
2232,1
2233,1
2234,1
2235,1
2236,1
2237,0
2238,0
2239,1
2240,1
2241,1
2242,1
2243,1
2244,1
2245,1
2246,1
2247,0
2248,1
2249,1
2250,0
2251,0
2252,0
2253,1
2254,1
2255,1
2256,1
2257,1
2258,1
2259,1
2260,1
2261,1
2262,1
2263,1
2264,1
2265,1
2266,1
2267,1
2268,0
2269,1
2270,1
2271,1
2272,1
2273,1
2274,1
2275,1
2276,1
2277,0
2278,1
2279,0
2280,1
2281,1
2282,1
2283,1
2284,1
2285,1
2286,1
2287,1
2288,1
2289,1
2290,1
2291,1
2292,1
2293,0
2294,0
2295,1
2296,1
2297,1
2298,1
2299,1
2300,1
2301,0
2302,1
2303,1
2304,1
2305,1
2306,1
2307,1
2308,1
2309,1
2310,1
2311,1
2312,1
2313,1
2314,1
2315,1
2316,1
2317,0
2318,1
2319,1
2320,1
2321,1
2322,1
2323,1
2324,1
2325,1
2326,1
2327,0
2328,1
2329,1
2330,1
2331,1
2332,0
2333,1
2334,1
2335,0
2336,1
2337,1
2338,0
2339,1
2340,1
2341,1
2342,1
2343,1
2344,1
2345,1
2346,1
2347,1
2348,1
2349,1
2350,1
2351,1
2352,1
2353,1
2354,1
2355,1
2356,1
2357,1
2358,1
2359,1
2360,1
2361,1
2362,1
2363,1
2364,1
2365,1
2366,1
2367,0
2368,1
2369,0
2370,1
2371,0
2372,1
2373,1
2374,1
2375,1
2376,1
2377,1
2378,1
2379,1
2380,1
2381,1
2382,1
2383,1
2384,1
2385,0
2386,1
2387,1
2388,1
2389,1
2390,1
2391,1
2392,1
2393,0
2394,1
2395,1
2396,0
2397,1
2398,1
2399,1
2400,1
2401,1
2402,1
2403,1
2404,1
2405,1
2406,1
2407,1
2408,0
2409,1
2410,1
2411,0
2412,1
2413,1
2414,1
2415,1
2416,1
2417,1
2418,1
2419,1
2420,1
2421,1
2422,1
2423,1
2424,1
2425,1
2426,1
2427,1
2428,1
2429,1
2430,0
2431,1
2432,1
2433,1
2434,1
2435,1
2436,1
2437,1
2438,1
2439,1
2440,1
2441,1
2442,1
2443,1
2444,0
2445,1
2446,1
2447,1
2448,1
2449,0
2450,1
2451,0
2452,1
2453,1
2454,0
2455,0
2456,1
2457,1
2458,1
2459,1
2460,1
2461,1
2462,1
2463,1
2464,1
2465,1
2466,1
2467,1
2468,1
2469,1
2470,1
2471,1
2472,1
2473,1
2474,1
2475,1
2476,1
2477,1
2478,1
2479,0
2480,1
2481,1
2482,1
2483,1
2484,1
2485,1
2486,1
2487,1
2488,1
2489,1
2490,1
2491,0
2492,0
2493,1
2494,0
2495,1
2496,0
2497,1
2498,1
2499,1
2500,1
2501,1
2502,1
2503,0
2504,1
2505,1
2506,1
2507,1
2508,1
2509,1
2510,1
2511,1
2512,1
2513,1
2514,0
2515,1
2516,1
2517,0
2518,1
2519,0
2520,0
2521,1
2522,0
2523,1
2524,1
2525,1
2526,1
2527,1
2528,1
2529,1
2530,1
2531,1
2532,1
2533,1
2534,1
2535,1
2536,1
2537,1
2538,1
2539,1
2540,1
2541,1
2542,1
2543,0
2544,1
2545,1
2546,1
2547,1
2548,0
2549,1
2550,1
2551,1
2552,1
2553,1
2554,1
2555,1
2556,1
2557,0
2558,1
2559,1
2560,1
2561,1
2562,1
2563,1
2564,1
2565,1
2566,1
2567,0
2568,1
2569,1
2570,1
2571,1
2572,1
2573,0
2574,1
2575,1
2576,0
2577,1
2578,1
2579,0
2580,1
2581,0
2582,0
2583,1
2584,0
2585,1
2586,1
2587,1
2588,1
2589,0
2590,0
2591,1
2592,1
2593,1
2594,1
2595,1
2596,1
2597,1
2598,1
2599,1
2600,1
2601,1
2602,1
2603,1
2604,1
2605,1
2606,0
2607,1
2608,1
2609,1
2610,1
2611,1
2612,1
2613,0
2614,1
2615,1
2616,1
2617,1
2618,0
2619,1
2620,1
2621,1
2622,1
2623,1
2624,1
2625,1
2626,1
2627,1
2628,1
2629,1
2630,1
2631,1
2632,1
2633,1
2634,1
2635,1
2636,1
2637,1
2638,0
2639,1
2640,1
2641,1
2642,1
2643,1
2644,1
2645,1
2646,1
2647,1
2648,1
2649,1
2650,1
2651,1
2652,1
2653,0
2654,1
2655,1
2656,1
2657,1
2658,0
2659,1
2660,1
2661,1
2662,1
2663,1
2664,1
2665,1
2666,1
2667,1
2668,1
2669,1
2670,1
2671,1
2672,1
2673,1
2674,1
2675,1
2676,1
2677,1
2678,1
2679,1
2680,1
2681,1
2682,0
2683,1
2684,1
2685,1
2686,0
2687,1
2688,1
2689,1
2690,1
2691,1
2692,0
2693,0
2694,1
2695,1
2696,0
2697,1
2698,1
2699,1
2700,1
2701,1
2702,1
2703,1
2704,1
2705,1
2706,0
2707,0
2708,1
2709,1
2710,1
2711,1
2712,0
2713,1
2714,1
2715,1
2716,1
2717,1
2718,1
2719,1
2720,1
2721,0
2722,1
2723,1
2724,1
2725,1
2726,0
2727,1
2728,1
2729,1
2730,1
2731,1
2732,0
2733,1
2734,1
2735,1
2736,1
2737,1
2738,1
2739,1
2740,0
2741,1
2742,0
2743,1
2744,1
2745,1
2746,1
2747,1
2748,1
2749,0
2750,1
2751,1
2752,1
2753,1
2754,1
2755,1
2756,1
2757,1
2758,1
2759,0
2760,1
2761,1
2762,1
2763,1
2764,1
2765,1
2766,1
2767,1
2768,0
2769,0
2770,1
2771,1
2772,1
2773,1
2774,1
2775,1
2776,1
2777,1
2778,0
2779,0
2780,1
2781,1
2782,1
2783,1
2784,1
2785,1
2786,1
2787,1
2788,1
2789,1
2790,1
2791,1
2792,1
2793,1
2794,1
2795,1
2796,1
2797,1
2798,1
2799,0
2800,1
2801,1
2802,1
2803,1
2804,1
2805,0
2806,1
2807,1
2808,1
2809,1
2810,1
2811,1
2812,0
2813,1
2814,0
2815,1
2816,1
2817,1
2818,1
2819,0
2820,1
2821,0
2822,1
2823,1
2824,1
2825,1
2826,1
2827,1
2828,1
2829,1
2830,1
2831,1
2832,1
2833,1
2834,0
2835,1
2836,1
2837,0
2838,1
2839,1
2840,1
2841,1
2842,1
2843,1
2844,1
2845,1
2846,1
2847,1
2848,1
2849,1
2850,1
2851,1
2852,1
2853,1
2854,0
2855,1
2856,1
2857,1
2858,1
2859,1
2860,1
2861,0
2862,0
2863,0
2864,0
2865,0
2866,1
2867,1
2868,1
2869,1
2870,1
2871,1
2872,1
2873,0
2874,1
2875,1
2876,1
2877,1
2878,1
2879,1
2880,1
2881,1
2882,1
2883,1
2884,1
2885,1
2886,1
2887,1
2888,1
2889,1
2890,1
2891,0
2892,0
2893,1
2894,1
2895,1
2896,1
2897,1
2898,1
2899,1
2900,1
2901,1
2902,1
2903,1
2904,1
2905,1
2906,1
2907,1
2908,1
2909,1
2910,0
2911,1
2912,1
2913,1
2914,1
2915,0
2916,1
2917,1
2918,0
2919,1
2920,1
2921,1
2922,1
2923,1
2924,1
2925,1
2926,0
2927,1
2928,1
2929,1
2930,1
2931,0
2932,1
2933,0
2934,1
2935,0
2936,1
2937,1
2938,1
2939,1
2940,1
2941,1
2942,1
2943,1
2944,1
2945,1
2946,1
2947,1
2948,1
2949,0
2950,1
2951,1
2952,1
2953,0
2954,1
2955,0
2956,1
2957,1
2958,1
2959,1
2960,0
2961,0
2962,0
2963,1
2964,0
2965,1
2966,1
2967,1
2968,1
2969,0
2970,1
2971,1
2972,1
2973,1
2974,1
2975,1
2976,1
2977,1
2978,1
2979,1
2980,1
2981,1
2982,1
2983,0
2984,0
2985,1
2986,0
2987,1
2988,1
2989,1
2990,1
2991,0
2992,1
2993,1
2994,1
2995,1
2996,1
2997,1
2998,0
2999,1
3000,1
3001,1
3002,1
3003,1
3004,1
3005,1
3006,1
3007,1
3008,1
3009,1
3010,0
3011,1
3012,1
3013,1
3014,1
3015,1
3016,0
3017,1
3018,1
3019,1
3020,1
3021,1
3022,1
3023,1
3024,0
3025,1
3026,1
3027,1
3028,0
3029,1
3030,0
3031,1
3032,1
3033,0
3034,1
3035,1
3036,1
3037,1
3038,1
3039,0
3040,0
3041,1
3042,1
3043,1
3044,1
3045,0
3046,1
3047,1
3048,1
3049,1
3050,0
3051,1
3052,0
3053,1
3054,0
3055,1
3056,1
3057,1
3058,1
3059,1
3060,1
3061,1
3062,1
3063,1
3064,1
3065,1
3066,1
3067,0
3068,1
3069,1
3070,1
3071,1
3072,1
3073,0
3074,1
3075,1
3076,0
3077,1
3078,1
3079,0
3080,1
3081,0
3082,1
3083,0
3084,1
3085,0
3086,0
3087,1
3088,1
3089,1
3090,1
3091,1
3092,1
3093,0
3094,1
3095,0
3096,1
3097,1
3098,1
3099,0
3100,1
3101,1
3102,1
3103,1
3104,1
3105,0
3106,1
3107,1
3108,1
3109,1
3110,1
3111,1
3112,1
3113,1
3114,1
3115,1
3116,1
3117,1
3118,1
3119,1
3120,1
3121,1
3122,0
3123,1
3124,0
3125,1
3126,1
3127,1
3128,1
3129,1
3130,1
3131,0
3132,1
3133,0
3134,1
3135,1
3136,1
3137,1
3138,1
3139,1
3140,1
3141,1
3142,1
3143,1
3144,1
3145,0
3146,1
3147,1
3148,1
3149,1
3150,1
3151,1
3152,1
3153,1
3154,1
3155,1
3156,1
3157,1
3158,1
3159,1
3160,1
3161,1
3162,0
3163,0
3164,1
3165,0
3166,1
3167,1
3168,1
3169,1
3170,1
3171,1
3172,1
3173,0
3174,1
3175,0
3176,1
3177,1
3178,0
3179,1
3180,1
3181,1
3182,1
3183,1
3184,0
3185,1
3186,1
3187,0
3188,1
3189,1
3190,1
3191,1
3192,1
3193,1
3194,1
3195,1
3196,1
3197,0
3198,1
3199,0
3200,1
3201,0
3202,1
3203,1
3204,1
3205,1
3206,0
3207,0
3208,1
3209,0
3210,1
3211,1
3212,1
3213,1
3214,1
3215,1
3216,0
3217,1
3218,1
3219,1
3220,0
3221,0
3222,1
3223,1
3224,0
3225,1
3226,1
3227,1
3228,1
3229,1
3230,1
3231,1
3232,1
3233,1
3234,1
3235,1
3236,1
3237,1
3238,1
3239,1
3240,1
3241,0
3242,1
3243,1
3244,0
3245,0
3246,1
3247,0
3248,1
3249,1
3250,1
3251,0
3252,0
3253,0
3254,1
3255,1
3256,1
3257,1
3258,1
3259,0
3260,1
3261,1
3262,1
3263,1
3264,1
3265,1
3266,0
3267,1
3268,0
3269,0
3270,1
3271,1
3272,1
3273,1
3274,1
3275,1
3276,1
3277,1
3278,0
3279,1
3280,1
3281,1
3282,1
3283,1
3284,1
3285,0
3286,1
3287,1
3288,1
3289,1
3290,1
3291,1
3292,1
3293,1
3294,1
3295,0
3296,1
3297,1
3298,1
3299,1
3300,1
3301,1
3302,1
3303,1
3304,1
3305,0
3306,0
3307,0
3308,1
3309,0
3310,0
3311,1
3312,1
3313,0
3314,1
3315,0
3316,1
3317,1
3318,1
3319,1
3320,1
3321,0
3322,1
3323,1
3324,0
3325,1
3326,1
3327,1
3328,1
3329,1
3330,1
3331,1
3332,1
3333,0
3334,1
3335,1
3336,1
3337,1
3338,1
3339,1
3340,1
3341,0
3342,0
3343,1
3344,0
3345,0
3346,1
3347,0
3348,0
3349,1
3350,1
3351,1
3352,1
3353,0
3354,1
3355,1
3356,1
3357,0
3358,1
3359,1
3360,1
3361,0
3362,0
3363,1
3364,1
3365,0
3366,0
3367,1
3368,1
3369,1
3370,0
3371,1
3372,1
3373,1
3374,1
3375,1
3376,1
3377,1
3378,0
3379,1
3380,1
3381,1
3382,0
3383,1
3384,1
3385,1
3386,1
3387,1
3388,1
3389,1
3390,1
3391,1
3392,0
3393,1
3394,1
3395,1
3396,0
3397,1
3398,1
3399,1
3400,1
3401,0
3402,0
3403,1
3404,1
3405,1
3406,1
3407,1
3408,1
3409,0
3410,0
3411,0
3412,0
3413,0
3414,0
3415,1
3416,1
3417,0
3418,1
3419,1
3420,1
3421,1
3422,1
3423,1
3424,1
3425,1
3426,1
3427,1
3428,1
3429,0
3430,1
3431,0
3432,1
3433,1
3434,1
3435,1
3436,1
3437,0
3438,0
3439,0
3440,1
3441,0
3442,1
3443,1
3444,0
3445,0
3446,1
3447,1
3448,0
3449,1
3450,1
3451,1
3452,0
3453,1
3454,1
3455,0
3456,1
3457,1
3458,0
3459,1
3460,1
3461,1
3462,1
3463,1
3464,1
3465,1
3466,0
3467,1
3468,1
3469,1
3470,1
3471,1
3472,1
3473,1
3474,1
3475,1
3476,1
3477,1
3478,1
3479,1
3480,1
3481,1
3482,1
3483,1
3484,1
3485,1
3486,0
3487,1
3488,1
3489,1
3490,1
3491,0
3492,1
3493,1
3494,0
3495,1
3496,1
3497,1
3498,1
3499,1
3500,1
3501,1
3502,0
3503,0
3504,1
3505,0
3506,1
3507,1
3508,1
3509,1
3510,1
3511,0
3512,1
3513,0
3514,1
3515,1
3516,1
3517,1
3518,1
3519,0
3520,1
3521,1
3522,1
3523,1
3524,1
3525,1
3526,1
3527,0
3528,1
3529,1
3530,0
3531,0
3532,1
3533,0
3534,1
3535,1
3536,1
3537,1
3538,1
3539,1
3540,1
3541,1
3542,1
3543,1
3544,1
3545,1
3546,1
3547,1
3548,1
3549,1
3550,0
3551,1
3552,1
3553,1
3554,1
3555,1
3556,1
3557,1
3558,0
3559,0
3560,1
3561,1
3562,1
3563,0
3564,1
3565,0
3566,1
3567,1
3568,1
3569,0
3570,0
3571,1
3572,1
3573,1
3574,1
3575,1
3576,0
3577,1
3578,1
3579,0
3580,1
3581,1
3582,1
3583,1
3584,1
3585,1
3586,1
3587,1
3588,0
3589,1
3590,1
3591,1
3592,1
3593,1
3594,1
3595,1
3596,1
3597,1
3598,0
3599,1
3600,1
3601,1
3602,1
3603,0
3604,1
3605,1
3606,1
3607,1
3608,0
3609,1
3610,1
3611,0
3612,1
3613,1
3614,0
3615,0
3616,0
3617,0
3618,1
3619,0
3620,1
3621,1
3622,1
3623,1
3624,0
3625,1
3626,1
3627,1
3628,1
3629,1
3630,1
3631,1
3632,1
3633,1
3634,1
3635,1
3636,0
3637,1
3638,1
3639,1
3640,0
3641,1
3642,1
3643,1
3644,1
3645,1
3646,1
3647,1
3648,0
3649,1
3650,1
3651,1
3652,1
3653,0
3654,1
3655,1
3656,1
3657,1
3658,1
3659,1
3660,1
3661,0
3662,0
3663,1
3664,0
3665,1
3666,1
3667,1
3668,0
3669,0
3670,1
3671,0
3672,1
3673,1
3674,1
3675,0
3676,1
3677,0
3678,0
3679,1
3680,0
3681,1
3682,1
3683,0
3684,0
3685,0
3686,0
3687,1
3688,1
3689,1
3690,0
3691,0
3692,1
3693,1
3694,1
3695,1
3696,1
3697,1
3698,1
3699,1
3700,1
3701,1
3702,1
3703,1
3704,1
3705,1
3706,0
3707,1
3708,1
3709,1
3710,1
3711,1
3712,1
3713,1
3714,0
3715,1
3716,1
3717,0
3718,1
3719,1
3720,0
3721,0
3722,0
3723,0
3724,0
3725,1
3726,1
3727,0
3728,1
3729,1
3730,1
3731,0
3732,1
3733,1
3734,1
3735,1
3736,0
3737,1
3738,0
3739,0
3740,1
3741,0
3742,1
3743,0
3744,1
3745,1
3746,1
3747,1
3748,0
3749,1
3750,0
3751,0
3752,0
3753,1
3754,1
3755,1
3756,1
3757,1
3758,1
3759,1
3760,1
3761,1
3762,1
3763,1
3764,1
3765,1
3766,1
3767,0
3768,1
3769,0
3770,1
3771,0
3772,1
3773,1
3774,1
3775,0
3776,1
3777,1
3778,1
3779,0
3780,1
3781,0
3782,1
3783,1
3784,1
3785,1
3786,1
3787,1
3788,1
3789,1
3790,1
3791,0
3792,0
3793,1
3794,0
3795,0
3796,1
3797,1
3798,1
3799,1
3800,1
3801,1
3802,0
3803,0
3804,0
3805,0
3806,1
3807,1
3808,1
3809,0
3810,0
3811,1
3812,1
3813,0
3814,1
3815,1
3816,0
3817,1
3818,1
3819,0
3820,0
3821,1
3822,1
3823,0
3824,1
3825,1
3826,0
3827,1
3828,1
3829,1
3830,0
3831,0
3832,0
3833,1
3834,0
3835,0
3836,1
3837,1
3838,0
3839,1
3840,1
3841,1
3842,1
3843,0
3844,1
3845,1
3846,1
3847,1
3848,1
3849,1
3850,1
3851,1
3852,0
3853,0
3854,1
3855,0
3856,1
3857,1
3858,0
3859,0
3860,1
3861,0
3862,0
3863,1
3864,1
3865,1
3866,1
3867,1
3868,1
3869,0
3870,1
3871,1
3872,0
3873,0
3874,0
3875,1
3876,1
3877,1
3878,1
3879,1
3880,1
3881,1
3882,1
3883,0
3884,0
3885,0
3886,0
3887,1
3888,0
3889,1
3890,1
3891,1
3892,1
3893,0
3894,1
3895,0
3896,1
3897,1
3898,1
3899,1
3900,1
3901,0
3902,1
3903,0
3904,1
3905,0
3906,1
3907,1
3908,1
3909,1
3910,1
3911,1
3912,1
3913,1
3914,0
3915,1
3916,1
3917,0
3918,0
3919,1
3920,1
3921,1
3922,1
3923,1
3924,1
3925,1
3926,1
3927,1
3928,1
3929,0
3930,0
3931,0
3932,1
3933,0
3934,0
3935,1
3936,0
3937,0
3938,1
3939,1
3940,0
3941,1
3942,0
3943,1
3944,0
3945,1
3946,1
3947,1
3948,1
3949,1
3950,1
3951,1
3952,1
3953,1
3954,0
3955,0
3956,1
3957,0
3958,0
3959,0
3960,0
3961,0
3962,1
3963,1
3964,0
3965,1
3966,1
3967,0
3968,1
3969,0
3970,1
3971,0
3972,1
3973,1
3974,0
3975,1
3976,1
3977,1
3978,1
3979,1
3980,0
3981,0
3982,0
3983,1
3984,1
3985,1
3986,0
3987,0
3988,1
3989,1
3990,0
3991,1
3992,1
3993,1
3994,1
3995,1
3996,1
3997,1
3998,0
3999,1
4000,0
4001,0
4002,1
4003,1
4004,0
4005,1
4006,1
4007,0
4008,0
4009,1
4010,0
4011,1
4012,1
4013,1
4014,1
4015,1
4016,1
4017,1
4018,0
4019,1
4020,1
4021,1
4022,1
4023,1
4024,0
4025,0
4026,0
4027,1
4028,1
4029,0
4030,0
4031,1
4032,0
4033,0
4034,0
4035,0
4036,0
4037,1
4038,1
4039,0
4040,1
4041,1
4042,1
4043,1
4044,1
4045,1
4046,1
4047,0
4048,1
4049,1
4050,1
4051,0
4052,0
4053,1
4054,1
4055,1
4056,1
4057,0
4058,1
4059,1
4060,1
4061,1
4062,1
4063,1
4064,1
4065,1
4066,1
4067,0
4068,0
4069,1
4070,1
4071,0
4072,0
4073,1
4074,1
4075,0
4076,0
4077,1
4078,0
4079,1
4080,1
4081,1
4082,1
4083,1
4084,1
4085,0
4086,1
4087,0
4088,0
4089,1
4090,0
4091,1
4092,1
4093,0
4094,1
4095,1
4096,1
4097,0
4098,1
4099,1
4100,0
4101,1
4102,1
4103,1
4104,0
4105,0
4106,1
4107,0
4108,1
4109,1
4110,1
4111,0
4112,0
4113,1
4114,1
4115,1
4116,1
4117,1
4118,1
4119,1
4120,0
4121,1
4122,0
4123,0
4124,1
4125,0
4126,1
4127,1
4128,1
4129,1
4130,1
4131,1
4132,0
4133,1
4134,0
4135,1
4136,1
4137,1
4138,1
4139,1
4140,1
4141,1
4142,1
4143,0
4144,0
4145,0
4146,0
4147,1
4148,1
4149,1
4150,0
4151,1
4152,1
4153,1
4154,0
4155,1
4156,1
4157,1
4158,1
4159,1
4160,1
4161,1
4162,1
4163,1
4164,1
4165,0
4166,1
4167,1
4168,1
4169,1
4170,1
4171,1
4172,0
4173,1
4174,0
4175,1
4176,0
4177,1
4178,0
4179,1
4180,1
4181,0
4182,1
4183,1
4184,1
4185,1
4186,1
4187,0
4188,1
4189,1
4190,1
4191,1
4192,0
4193,0
4194,1
4195,1
4196,1
4197,0
4198,1
4199,1
4200,1
4201,1
4202,0
4203,1
4204,0
4205,1
4206,1
4207,1
4208,1
4209,1
4210,1
4211,1
4212,1
4213,1
4214,1
4215,1
4216,1
4217,1
4218,1
4219,0
4220,1
4221,0
4222,1
4223,1
4224,0
4225,1
4226,1
4227,1
4228,1
4229,1
4230,1
4231,1
4232,1
4233,1
4234,1
4235,1
4236,1
4237,1
4238,1
4239,1
4240,1
4241,1
4242,1
4243,0
4244,1
4245,1
4246,1
4247,0
4248,0
4249,1
4250,0
4251,1
4252,1
4253,1
4254,1
4255,1
4256,1
4257,1
4258,1
4259,1
4260,1
4261,0
4262,1
4263,1
4264,1
4265,1
4266,1
4267,1
4268,1
4269,1
4270,0
4271,1
4272,1
4273,1
4274,1
4275,1
4276,0
4277,1
4278,1
4279,1
4280,0
4281,1
4282,0
4283,1
4284,1
4285,1
4286,1
4287,1
4288,1
4289,1
4290,0
4291,0
4292,1
4293,0
4294,1
4295,1
4296,1
4297,1
4298,0
4299,1
4300,1
4301,1
4302,1
4303,0
4304,1
4305,1
4306,1
4307,1
4308,0
4309,0
4310,1
4311,0
4312,0
4313,1
4314,0
4315,1
4316,0
4317,1
4318,1
4319,1
4320,0
4321,0
4322,1
4323,0
4324,0
4325,0
4326,0
4327,1
4328,1
4329,0
4330,1
4331,1
4332,1
4333,1
4334,1
4335,1
4336,0
4337,1
4338,1
4339,1
4340,1
4341,1
4342,1
4343,1
4344,1
4345,1
4346,1
4347,1
4348,1
4349,0
4350,0
4351,1
4352,1
4353,1
4354,1
4355,1
4356,1
4357,1
4358,0
4359,0
4360,1
4361,0
4362,1
4363,1
4364,1
4365,1
4366,1
4367,1
4368,1
4369,1
4370,1
4371,1
4372,0
4373,0
4374,1
4375,1
4376,1
4377,1
4378,1
4379,1
4380,0
4381,0
4382,1
4383,1
4384,1
4385,0
4386,1
4387,1
4388,1
4389,1
4390,1
4391,1
4392,1
4393,1
4394,0
4395,1
4396,1
4397,1
4398,1
4399,1
4400,1
4401,1
4402,0
4403,1
4404,0
4405,0
4406,1
4407,1
4408,1
4409,1
4410,1
4411,1
4412,1
4413,1
4414,1
4415,1
4416,1
4417,1
4418,1
4419,1
4420,0
4421,1
4422,1
4423,1
4424,1
4425,1
4426,1
4427,0
4428,1
4429,0
4430,1
4431,1
4432,1
4433,1
4434,1
4435,1
4436,0
4437,1
4438,1
4439,1
4440,1
4441,0
4442,1
4443,1
4444,1
4445,1
4446,0
4447,1
4448,1
4449,1
4450,1
4451,1
4452,1
4453,1
4454,0
4455,1
4456,1
4457,1
4458,1
4459,0
4460,0
4461,1
4462,0
4463,1
4464,1
4465,1
4466,1
4467,1
4468,1
4469,1
4470,1
4471,1
4472,1
4473,1
4474,0
4475,1
4476,0
4477,0
4478,1
4479,1
4480,1
4481,1
4482,1
4483,1
4484,1
4485,1
4486,0
4487,1
4488,1
4489,1
4490,1
4491,0
4492,1
4493,1
4494,1
4495,0
4496,1
4497,1
4498,0
4499,0
4500,1
4501,1
4502,0
4503,1
4504,1
4505,1
4506,0
4507,0
4508,1
4509,0
4510,0
4511,1
4512,1
4513,1
4514,0
4515,1
4516,1
4517,1
4518,1
4519,0
4520,1
4521,1
4522,1
4523,1
4524,1
4525,0
4526,0
4527,1
4528,1
4529,1
4530,1
4531,1
4532,1
4533,0
4534,1
4535,0
4536,1
4537,1
4538,1
4539,1
4540,1
4541,1
4542,1
4543,0
4544,1
4545,1
4546,1
4547,1
4548,1
4549,1
4550,1
4551,1
4552,1
4553,1
4554,1
4555,0
4556,1
4557,1
4558,1
4559,1
4560,1
4561,1
4562,0
4563,0
4564,1
4565,1
4566,0
4567,1
4568,1
4569,1
4570,1
4571,1
4572,1
4573,0
4574,0
4575,1
4576,1
4577,1
4578,1
4579,0
4580,0
4581,0
4582,1
4583,1
4584,1
4585,0
4586,1
4587,1
4588,1
4589,1
4590,0
4591,1
4592,1
4593,0
4594,1
4595,0
4596,1
4597,1
4598,1
4599,0
4600,1
4601,1
4602,1
4603,1
4604,1
4605,1
4606,1
4607,1
4608,0
4609,0
4610,1
4611,1
4612,1
4613,0
4614,1
4615,1
4616,0
4617,1
4618,0
4619,1
4620,0
4621,1
4622,1
4623,0
4624,1
4625,1
4626,0
4627,1
4628,1
4629,1
4630,1
4631,1
4632,0
4633,1
4634,1
4635,1
4636,1
4637,0
4638,1
4639,1
4640,0
4641,1
4642,1
4643,1
4644,1
4645,0
4646,1
4647,1
4648,1
4649,0
4650,1
4651,1
4652,1
4653,1
4654,0
4655,1
4656,1
4657,1
4658,1
4659,1
4660,1
4661,1
4662,1
4663,1
4664,1
4665,1
4666,0
4667,0
4668,1
4669,1
4670,1
4671,1
4672,1
4673,1
4674,1
4675,1
4676,1
4677,1
4678,1
4679,1
4680,0
4681,0
4682,1
4683,1
4684,0
4685,1
4686,1
4687,1
4688,1
4689,1
4690,1
4691,0
4692,0
4693,0
4694,1
4695,1
4696,0
4697,1
4698,1
4699,1
4700,1
4701,1
4702,0
4703,1
4704,0
4705,1
4706,1
4707,1
4708,1
4709,1
4710,1
4711,0
4712,1
4713,1
4714,0
4715,0
4716,1
4717,0
4718,1
4719,1
4720,1
4721,1
4722,1
4723,1
4724,1
4725,1
4726,0
4727,0
4728,0
4729,1
4730,1
4731,1
4732,1
4733,0
4734,0
4735,0
4736,1
4737,1
4738,1
4739,1
4740,1
4741,1
4742,0
4743,0
4744,1
4745,1
4746,0
4747,0
4748,0
4749,1
4750,0
4751,0
4752,1
4753,0
4754,1
4755,1
4756,1
4757,0
4758,1
4759,1
4760,1
4761,1
4762,0
4763,0
4764,1
4765,1
4766,1
4767,1
4768,1
4769,0
4770,0
4771,1
4772,1
4773,1
4774,1
4775,1
4776,1
4777,1
4778,0
4779,1
4780,0
4781,1
4782,1
4783,0
4784,0
4785,1
4786,1
4787,0
4788,0
4789,1
4790,1
4791,1
4792,1
4793,1
4794,1
4795,1
4796,1
4797,0
4798,0
4799,1
4800,1
4801,0
4802,0
4803,1
4804,0
4805,1
4806,0
4807,1
4808,1
4809,0
4810,1
4811,1
4812,1
4813,1
4814,1
4815,1
4816,1
4817,1
4818,1
4819,1
4820,1
4821,0
4822,1
4823,1
4824,0
4825,1
4826,1
4827,1
4828,0
4829,1
4830,1
4831,1
4832,0
4833,1
4834,1
4835,1
4836,1
4837,0
4838,1
4839,1
4840,1
4841,0
4842,0
4843,1
4844,0
4845,1
4846,1
4847,0
4848,1
4849,1
4850,0
4851,1
4852,1
4853,1
4854,1
4855,1
4856,1
4857,1
4858,0
4859,1
4860,1
4861,1
4862,1
4863,1
4864,1
4865,0
4866,0
4867,1
4868,1
4869,0
4870,0
4871,1
4872,1
4873,1
4874,0
4875,1
4876,1
4877,1
4878,1
4879,1
4880,0
4881,0
4882,1
4883,1
4884,1
4885,1
4886,0
4887,1
4888,1
4889,1
4890,1
4891,1
4892,0
4893,1
4894,0
4895,0
4896,1
4897,1
4898,1
4899,1
4900,1
4901,1
4902,1
4903,1
4904,1
4905,1
4906,1
4907,0
4908,1
4909,1
4910,1
4911,1
4912,0
4913,0
4914,0
4915,1
4916,1
4917,0
4918,0
4919,0
4920,0
4921,1
4922,1
4923,1
4924,1
4925,1
4926,1
4927,1
4928,1
4929,1
4930,1
4931,1
4932,1
4933,1
4934,1
4935,1
4936,0
4937,1
4938,0
4939,1
4940,0
4941,1
4942,0
4943,1
4944,0
4945,1
4946,1
4947,1
4948,1
4949,1
4950,1
4951,1
4952,1
4953,0
4954,1
4955,1
4956,1
4957,0
4958,0
4959,0
4960,1
4961,1
4962,1
4963,1
4964,0
4965,1
4966,1
4967,1
4968,1
4969,1
4970,0
4971,1
4972,1
4973,1
4974,1
4975,0
4976,0
4977,1
4978,0
4979,1
4980,1
4981,0
4982,1
4983,0
4984,1
4985,1
4986,1
4987,1
4988,1
4989,1
4990,1
4991,0
4992,1
4993,0
4994,1
4995,0
4996,1
4997,1
4998,1
4999,1
5000,1
5001,1
5002,1
5003,1
5004,1
5005,1
5006,1
5007,1
5008,1
5009,0
5010,1
5011,0
5012,0
5013,0
5014,0
5015,1
5016,1
5017,1
5018,1
5019,0
5020,1
5021,0
5022,1
5023,0
5024,0
5025,1
5026,0
5027,0
5028,0
5029,1
5030,1
5031,1
5032,1
5033,1
5034,0
5035,0
5036,1
5037,1
5038,0
5039,1
5040,1
5041,0
5042,0
5043,1
5044,1
5045,0
5046,0
5047,0
5048,1
5049,1
5050,1
5051,1
5052,0
5053,1
5054,1
5055,0
5056,1
5057,1
5058,0
5059,1
5060,1
5061,1
5062,1
5063,1
5064,1
5065,1
5066,0
5067,1
5068,1
5069,1
5070,0
5071,0
5072,1
5073,1
5074,0
5075,0
5076,0
5077,0
5078,0
5079,1
5080,1
5081,0
5082,1
5083,1
5084,1
5085,1
5086,1
5087,1
5088,1
5089,1
5090,1
5091,0
5092,1
5093,1
5094,0
5095,0
5096,1
5097,1
5098,1
5099,1
5100,1
5101,1
5102,1
5103,1
5104,1
5105,1
5106,0
5107,0
5108,1
5109,1
5110,1
5111,1
5112,1
5113,1
5114,1
5115,0
5116,1
5117,0
5118,1
5119,1
5120,1
5121,1
5122,1
5123,1
5124,1
5125,1
5126,1
5127,1
5128,1
5129,0
5130,1
5131,1
5132,1
5133,0
5134,0
5135,0
5136,1
5137,0
5138,1
5139,0
5140,1
5141,1
5142,1
5143,1
5144,0
5145,0
5146,0
5147,0
5148,0
5149,0
5150,1
5151,1
5152,0
5153,1
5154,1
5155,1
5156,1
5157,1
5158,0
5159,0
5160,1
5161,1
5162,1
5163,1
5164,0
5165,1
5166,0
5167,0
5168,0
5169,0
5170,0
5171,0
5172,1
5173,1
5174,1
5175,1
5176,0
5177,1
5178,1
5179,0
5180,0
5181,0
5182,1
5183,1
5184,0
5185,0
5186,1
5187,1
5188,0
5189,1
5190,1
5191,0
5192,1
5193,0
5194,0
5195,1
5196,0
5197,1
5198,1
5199,1
5200,1
5201,1
5202,0
5203,1
5204,1
5205,1
5206,1
5207,0
5208,1
5209,1
5210,1
5211,1
5212,0
5213,1
5214,1
5215,1
5216,1
5217,0
5218,1
5219,0
5220,1
5221,1
5222,1
5223,1
5224,1
5225,1
5226,1
5227,1
5228,1
5229,0
5230,1
5231,0
5232,1
5233,1
5234,1
5235,1
5236,1
5237,1
5238,1
5239,1
5240,1
5241,0
5242,0
5243,1
5244,1
5245,0
5246,1
5247,0
5248,1
5249,0
5250,1
5251,1
5252,1
5253,0
5254,1
5255,1
5256,1
5257,1
5258,1
5259,0
5260,1
5261,1
5262,1
5263,0
5264,1
5265,0
5266,1
5267,1
5268,1
5269,1
5270,1
5271,0
5272,0
5273,1
5274,1
5275,1
5276,1
5277,1
5278,0
5279,1
5280,1
5281,1
5282,1
5283,0
5284,1
5285,1
5286,1
5287,0
5288,1
5289,0
5290,1
5291,1
5292,0
5293,0
5294,0
5295,1
5296,1
5297,0
5298,1
5299,1
5300,0
5301,0
5302,1
5303,1
5304,0
5305,1
5306,0
5307,0
5308,1
5309,1
5310,1
5311,1
5312,1
5313,1
5314,1
5315,0
5316,0
5317,1
5318,0
5319,0
5320,0
5321,0
5322,0
5323,1
5324,1
5325,1
5326,1
5327,1
5328,1
5329,1
5330,1
5331,1
5332,0
5333,0
5334,0
5335,0
5336,0
5337,0
5338,1
5339,0
5340,0
5341,0
5342,0
5343,1
5344,0
5345,0
5346,0
5347,0
5348,1
5349,1
5350,1
5351,1
5352,0
5353,1
5354,0
5355,0
5356,0
5357,0
5358,1
5359,0
5360,1
5361,1
5362,0
5363,1
5364,1
5365,1
5366,0
5367,1
5368,1
5369,1
5370,1
5371,1
5372,1
5373,1
5374,0
5375,1
5376,1
5377,1
5378,1
5379,1
5380,1
5381,1
5382,0
5383,1
5384,0
5385,1
5386,1
5387,1
5388,1
5389,1
5390,0
5391,1
5392,1
5393,0
5394,1
5395,1
5396,1
5397,1
5398,1
5399,1
5400,1
5401,0
5402,1
5403,0
5404,1
5405,1
5406,1
5407,0
5408,0
5409,0
5410,1
5411,0
5412,0
5413,1
5414,0
5415,1
5416,0
5417,1
5418,1
5419,1
5420,1
5421,0
5422,0
5423,1
5424,0
5425,0
5426,0
5427,0
5428,0
5429,0
5430,1
5431,1
5432,1
5433,1
5434,1
5435,1
5436,1
5437,1
5438,1
5439,0
5440,0
5441,0
5442,1
5443,1
5444,0
5445,1
5446,1
5447,0
5448,1
5449,1
5450,1
5451,1
5452,1
5453,1
5454,1
5455,0
5456,0
5457,1
5458,1
5459,1
5460,1
5461,0
5462,0
5463,1
5464,1
5465,0
5466,0
5467,0
5468,0
5469,1
5470,0
5471,0
5472,0
5473,1
5474,0
5475,1
5476,1
5477,1
5478,1
5479,1
5480,0
5481,0
5482,1
5483,1
5484,0
5485,1
5486,1
5487,1
5488,1
5489,1
5490,0
5491,0
5492,1
5493,1
5494,1
5495,1
5496,1
5497,1
5498,1
5499,1
5500,0
5501,1
5502,1
5503,0
5504,1
5505,0
5506,0
5507,1
5508,1
5509,1
5510,0
5511,1
5512,1
5513,1
5514,1
5515,0
5516,0
5517,1
5518,1
5519,1
5520,0
5521,1
5522,1
5523,1
5524,1
5525,1
5526,1
5527,1
5528,1
5529,0
5530,0
5531,0
5532,1
5533,1
5534,1
5535,1
5536,1
5537,0
5538,0
5539,0
5540,0
5541,1
5542,1
5543,1
5544,0
5545,1
5546,0
5547,1
5548,1
5549,0
5550,0
5551,1
5552,1
5553,0
5554,1
5555,1
5556,1
5557,1
5558,1
5559,1
5560,1
5561,1
5562,1
5563,0
5564,1
5565,1
5566,1
5567,0
5568,1
5569,1
5570,1
5571,1
5572,1
5573,0
5574,1
5575,1
5576,1
5577,1
5578,0
5579,0
5580,0
5581,1
5582,1
5583,1
5584,1
5585,1
5586,1
5587,0
5588,1
5589,1
5590,0
5591,1
5592,0
5593,0
5594,0
5595,0
5596,0
5597,0
5598,1
5599,1
5600,1
5601,0
5602,0
5603,1
5604,1
5605,1
5606,0
5607,1
5608,1
5609,1
5610,1
5611,1
5612,1
5613,1
5614,0
5615,1
5616,0
5617,0
5618,0
5619,1
5620,1
5621,1
5622,1
5623,1
5624,0
5625,0
5626,0
5627,0
5628,0
5629,0
5630,0
5631,1
5632,1
5633,0
5634,0
5635,0
5636,1
5637,1
5638,1
5639,1
5640,1
5641,0
5642,0
5643,0
5644,1
5645,1
5646,1
5647,1
5648,1
5649,1
5650,1
5651,1
5652,1
5653,1
5654,1
5655,1
5656,1
5657,1
5658,1
5659,1
5660,0
5661,0
5662,1
5663,0
5664,0
5665,1
5666,1
5667,0
5668,1
5669,1
5670,1
5671,1
5672,1
5673,0
5674,0
5675,0
5676,1
5677,1
5678,0
5679,1
5680,1
5681,1
5682,0
5683,0
5684,1
5685,0
5686,0
5687,1
5688,0
5689,1
5690,1
5691,0
5692,1
5693,0
5694,1
5695,1
5696,1
5697,0
5698,1
5699,1
5700,1
5701,1
5702,1
5703,1
5704,0
5705,1
5706,1
5707,1
5708,1
5709,1
5710,0
5711,1
5712,0
5713,1
5714,0
5715,0
5716,0
5717,1
5718,1
5719,1
5720,1
5721,1
5722,1
5723,1
5724,0
5725,1
5726,1
5727,0
5728,1
5729,0
5730,1
5731,0
5732,1
5733,1
5734,1
5735,1
5736,1
5737,1
5738,0
5739,1
5740,0
5741,0
5742,1
5743,1
5744,1
5745,1
5746,0
5747,0
5748,1
5749,1
5750,0
5751,0
5752,1
5753,1
5754,1
5755,0
5756,1
5757,0
5758,1
5759,1
5760,1
5761,1
5762,1
5763,1
5764,0
5765,1
5766,1
5767,0
5768,1
5769,1
5770,0
5771,1
5772,1
5773,1
5774,1
5775,1
5776,1
5777,0
5778,1
5779,0
5780,1
5781,0
5782,1
5783,1
5784,1
5785,1
5786,1
5787,0
5788,1
5789,1
5790,0
5791,1
5792,1
5793,0
5794,1
5795,1
5796,1
5797,0
5798,1
5799,1
5800,0
5801,1
5802,1
5803,0
5804,0
5805,0
5806,0
5807,1
5808,1
5809,1
5810,0
5811,0
5812,1
5813,1
5814,0
5815,0
5816,0
5817,1
5818,1
5819,1
5820,1
5821,1
5822,1
5823,1
5824,1
5825,1
5826,1
5827,1
5828,1
5829,0
5830,0
5831,1
5832,1
5833,1
5834,1
5835,0
5836,1
5837,0
5838,0
5839,0
5840,1
5841,1
5842,1
5843,1
5844,1
5845,0
5846,1
5847,1
5848,1
5849,1
5850,1
5851,0
5852,1
5853,1
5854,1
5855,1
5856,0
5857,1
5858,0
5859,1
5860,0
5861,0
5862,0
5863,0
5864,1
5865,1
5866,0
5867,1
5868,0
5869,0
5870,1
5871,1
5872,1
5873,1
5874,0
5875,1
5876,1
5877,0
5878,1
5879,0
5880,1
5881,1
5882,1
5883,0
5884,1
5885,1
5886,0
5887,0
5888,0
5889,1
5890,0
5891,0
5892,1
5893,1
5894,1
5895,1
5896,1
5897,0
5898,1
5899,1
5900,0
5901,1
5902,1
5903,1
5904,1
5905,1
5906,1
5907,1
5908,0
5909,1
5910,1
5911,1
5912,1
5913,1
5914,0
5915,0
5916,1
5917,0
5918,1
5919,1
5920,0
5921,1
5922,1
5923,0
5924,1
5925,1
5926,1
5927,0
5928,1
5929,1
5930,1
5931,1
5932,1
5933,0
5934,1
5935,1
5936,0
5937,1
5938,1
5939,1
5940,0
5941,1
5942,1
5943,0
5944,1
5945,1
5946,1
5947,1
5948,0
5949,1
5950,0
5951,1
5952,1
5953,1
5954,1
5955,1
5956,1
5957,1
5958,0
5959,0
5960,0
5961,1
5962,0
5963,0
5964,1
5965,0
5966,0
5967,0
5968,1
5969,0
5970,0
5971,1
5972,1
5973,1
5974,1
5975,1
5976,1
5977,1
5978,1
5979,1
5980,1
5981,1
5982,1
5983,1
5984,0
5985,0
5986,0
5987,1
5988,0
5989,1
5990,0
5991,1
5992,1
5993,1
5994,1
5995,1
5996,1
5997,1
5998,0
5999,1
6000,1
6001,1
6002,1
6003,1
6004,1
6005,1
6006,1
6007,1
6008,1
6009,1
6010,0
6011,1
6012,1
6013,1
6014,1
6015,1
6016,1
6017,1
6018,0
6019,1
6020,0
6021,1
6022,1
6023,0
6024,1
6025,1
6026,0
6027,1
6028,1
6029,1
6030,1
6031,1
6032,1
6033,1
6034,0
6035,1
6036,1
6037,1
6038,1
6039,1
6040,1
6041,1
6042,1
6043,1
6044,1
6045,1
6046,0
6047,1
6048,1
6049,1
6050,1
6051,0
6052,1
6053,0
6054,0
6055,1
6056,1
6057,1
6058,1
6059,1
6060,1
6061,1
6062,1
6063,1
6064,1
6065,1
6066,1
6067,1
6068,1
6069,0
6070,1
6071,0
6072,1
6073,1
6074,1
6075,1
6076,1
6077,1
6078,1
6079,1
6080,0
6081,1
6082,1
6083,1
6084,1
6085,1
6086,1
6087,1
6088,1
6089,0
6090,0
6091,1
6092,1
6093,0
6094,1
6095,1
6096,0
6097,1
6098,1
6099,1
6100,1
6101,1
6102,0
6103,0
6104,1
6105,1
6106,1
6107,1
6108,0
6109,0
6110,1
6111,0
6112,1
6113,1
6114,0
6115,1
6116,1
6117,1
6118,1
6119,1
6120,1
6121,1
6122,1
6123,1
6124,1
6125,0
6126,0
6127,1
6128,1
6129,0
6130,1
6131,1
6132,1
6133,1
6134,1
6135,0
6136,1
6137,1
6138,1
6139,1
6140,1
6141,0
6142,1
6143,1
6144,0
6145,1
6146,1
6147,1
6148,0
6149,0
6150,1
6151,1
6152,1
6153,1
6154,1
6155,1
6156,1
6157,0
6158,1
6159,0
6160,1
6161,1
6162,0
6163,1
6164,1
6165,1
6166,1
6167,1
6168,0
6169,1
6170,0
6171,1
6172,0
6173,1
6174,0
6175,0
6176,1
6177,1
6178,1
6179,1
6180,0
6181,1
6182,1
6183,1
6184,1
6185,0
6186,0
6187,1
6188,1
6189,1
6190,1
6191,1
6192,1
6193,0
6194,1
6195,1
6196,1
6197,1
6198,0
6199,1
6200,1
6201,1
6202,1
6203,1
6204,1
6205,0
6206,1
6207,0
6208,0
6209,0
6210,0
6211,0
6212,0
6213,1
6214,1
6215,0
6216,1
6217,1
6218,1
6219,0
6220,1
6221,1
6222,1
6223,1
6224,0
6225,0
6226,1
6227,0
6228,1
6229,1
6230,1
6231,1
6232,0
6233,1
6234,1
6235,0
6236,0
6237,1
6238,1
6239,1
6240,1
6241,1
6242,0
6243,1
6244,0
6245,1
6246,0
6247,1
6248,1
6249,1
6250,1
6251,1
6252,1
6253,1
6254,1
6255,1
6256,0
6257,1
6258,1
6259,0
6260,1
6261,1
6262,1
6263,0
6264,1
6265,1
6266,0
6267,1
6268,1
6269,1
6270,1
6271,1
6272,1
6273,1
6274,1
6275,0
6276,1
6277,1
6278,1
6279,1
6280,0
6281,0
6282,1
6283,0
6284,1
6285,0
6286,1
6287,1
6288,1
6289,1
6290,1
6291,0
6292,1
6293,0
6294,1
6295,1
6296,0
6297,0
6298,0
6299,1
6300,1
6301,1
6302,1
6303,1
6304,1
6305,0
6306,1
6307,1
6308,1
6309,1
6310,1
6311,0
6312,0
6313,1
6314,1
6315,1
6316,0
6317,0
6318,1
6319,1
6320,0
6321,1
6322,1
6323,1
6324,1
6325,1
6326,1
6327,1
6328,1
6329,1
6330,1
6331,1
6332,1
6333,1
6334,1
6335,1
6336,1
6337,1
6338,0
6339,1
6340,0
6341,1
6342,1
6343,1
6344,0
6345,0
6346,1
6347,1
6348,1
6349,1
6350,1
6351,0
6352,1
6353,1
6354,0
6355,1
6356,1
6357,0
6358,0
6359,0
6360,1
6361,1
6362,1
6363,0
6364,1
6365,1
6366,1
6367,1
6368,1
6369,1
6370,1
6371,1
6372,1
6373,1
6374,1
6375,1
6376,0
6377,0
6378,1
6379,0
6380,1
6381,0
6382,0
6383,1
6384,1
6385,1
6386,1
6387,1
6388,1
6389,0
6390,1
6391,0
6392,0
6393,1
6394,0
6395,0
6396,1
6397,1
6398,1
6399,0
6400,1
6401,0
6402,0
6403,1
6404,1
6405,1
6406,0
6407,0
6408,0
6409,1
6410,1
6411,1
6412,0
6413,1
6414,1
6415,0
6416,1
6417,1
6418,1
6419,0
6420,1
6421,1
6422,0
6423,1
6424,1
6425,1
6426,0
6427,0
6428,1
6429,1
6430,0
6431,0
6432,1
6433,0
6434,0
6435,1
6436,1
6437,1
6438,1
6439,1
6440,1
6441,1
6442,1
6443,1
6444,1
6445,1
6446,1
6447,1
6448,1
6449,1
6450,1
6451,1
6452,0
6453,1
6454,1
6455,1
6456,1
6457,1
6458,1
6459,1
6460,0
6461,1
6462,0
6463,1
6464,1
6465,1
6466,0
6467,0
6468,1
6469,0
6470,1
6471,1
6472,1
6473,1
6474,1
6475,1
6476,1
6477,0
6478,1
6479,1
6480,1
6481,1
6482,1
6483,1
6484,1
6485,1
6486,1
6487,1
6488,1
6489,1
6490,1
6491,1
6492,1
6493,1
6494,1
6495,1
6496,1
6497,1
6498,1
6499,1
6500,1
6501,1
6502,0
6503,1
6504,1
6505,1
6506,1
6507,0
6508,1
6509,1
6510,0
6511,1
6512,1
6513,1
6514,0
6515,0
6516,1
6517,0
6518,1
6519,1
6520,1
6521,1
6522,1
6523,1
6524,0
6525,1
6526,1
6527,1
6528,1
6529,1
6530,1
6531,1
6532,0
6533,1
6534,1
6535,1
6536,1
6537,1
6538,1
6539,1
6540,0
6541,1
6542,1
6543,1
6544,1
6545,1
6546,1
6547,0
6548,1
6549,1
6550,1
6551,1
6552,1
6553,1
6554,1
6555,1
6556,1
6557,1
6558,1
6559,1
6560,1
6561,1
6562,1
6563,1
6564,1
6565,1
6566,1
6567,0
6568,1
6569,1
6570,1
6571,1
6572,1
6573,0
6574,1
6575,1
6576,1
6577,1
6578,1
6579,1
6580,1
6581,1
6582,1
6583,0
6584,1
6585,1
6586,1
6587,1
6588,1
6589,1
6590,1
6591,1
6592,0
6593,1
6594,1
6595,1
6596,0
6597,1
6598,1
6599,1
6600,1
6601,1
6602,1
6603,1
6604,1
6605,1
6606,1
6607,1
6608,0
6609,1
6610,0
6611,1
6612,1
6613,1
6614,1
6615,1
6616,1
6617,1
6618,1
6619,1
6620,1
6621,1
6622,1
6623,1
6624,1
6625,1
6626,1
6627,0
6628,1
6629,0
6630,1
6631,1
6632,1
6633,1
6634,1
6635,1
6636,0
6637,1
6638,1
6639,1
6640,1
6641,0
6642,1
6643,1
6644,1
6645,1
6646,1
6647,1
6648,1
6649,1
6650,1
6651,1
6652,0
6653,1
6654,1
6655,1
6656,1
6657,1
6658,1
6659,1
6660,1
6661,1
6662,1
6663,1
6664,1
6665,1
6666,1
6667,1
6668,1
6669,1
6670,1
6671,1
6672,1
6673,1
6674,1
6675,1
6676,0
6677,1
6678,0
6679,1
6680,0
6681,1
6682,0
6683,1
6684,1
6685,1
6686,1
6687,0
6688,1
6689,0
6690,1
6691,0
6692,1
6693,1
6694,1
6695,1
6696,1
6697,1
6698,1
6699,1
6700,1
6701,1
6702,1
6703,1
6704,1
6705,1
6706,1
6707,0
6708,1
6709,0
6710,1
6711,1
6712,1
6713,1
6714,1
6715,1
6716,1
6717,1
6718,1
6719,0
6720,1
6721,1
6722,1
6723,1
6724,1
6725,1
6726,0
6727,1
6728,1
6729,1
6730,1
6731,1
6732,1
6733,1
6734,1
6735,1
6736,0
6737,1
6738,1
6739,1
6740,1
6741,1
6742,0
6743,1
6744,1
6745,0
6746,1
6747,1
6748,1
6749,0
6750,0
6751,1
6752,1
6753,1
6754,1
6755,1
6756,1
6757,1
6758,1
6759,1
6760,1
6761,1
6762,1
6763,0
6764,1
6765,0
6766,0
6767,1
6768,1
6769,1
6770,0
6771,1
6772,1
6773,1
6774,0
6775,1
6776,1
6777,1
6778,1
6779,1
6780,1
6781,1
6782,1
6783,1
6784,1
6785,1
6786,1
6787,0
6788,1
6789,1
6790,1
6791,1
6792,1
6793,1
6794,1
6795,0
6796,1
6797,1
6798,1
6799,1
6800,1
6801,1
6802,1
6803,0
6804,1
6805,1
6806,1
6807,1
6808,1
6809,1
6810,1
6811,1
6812,1
6813,1
6814,1
6815,0
6816,1
6817,1
6818,1
6819,1
6820,1
6821,1
6822,1
6823,1
6824,1
6825,1
6826,1
6827,1
6828,0
6829,0
6830,1
6831,1
6832,1
6833,1
6834,0
6835,0
6836,1
6837,1
6838,1
6839,0
6840,0
6841,1
6842,1
6843,1
6844,1
6845,0
6846,1
6847,1
6848,1
6849,1
6850,1
6851,1
6852,1
6853,1
6854,1
6855,1
6856,1
6857,1
6858,1
6859,1
6860,1
6861,1
6862,1
6863,1
6864,1
6865,0
6866,1
6867,1
6868,1
6869,1
6870,1
6871,1
6872,1
6873,1
6874,1
6875,0
6876,1
6877,1
6878,1
6879,1
6880,1
6881,1
6882,0
6883,1
6884,1
6885,1
6886,1
6887,1
6888,1
6889,1
6890,1
6891,1
6892,1
6893,1
6894,0
6895,1
6896,1
6897,1
6898,1
6899,1
6900,1
6901,1
6902,1
6903,1
6904,1
6905,0
6906,1
6907,1
6908,1
6909,0
6910,1
6911,1
6912,1
6913,0
6914,1
6915,1
6916,1
6917,1
6918,0
6919,1
6920,0
6921,0
6922,0
6923,1
6924,1
6925,1
6926,1
6927,1
6928,1
6929,1
6930,1
6931,1
6932,1
6933,1
6934,1
6935,1
6936,1
6937,0
6938,1
6939,1
6940,1
6941,1
6942,1
6943,0
6944,1
6945,1
6946,1
6947,1
6948,1
6949,1
6950,1
6951,1
6952,1
6953,1
6954,1
6955,1
6956,1
6957,1
6958,1
6959,1
6960,1
6961,1
6962,1
6963,1
6964,1
6965,1
6966,1
6967,1
6968,0
6969,1
6970,1
6971,1
6972,0
6973,1
6974,1
6975,1
6976,0
6977,1
6978,1
6979,1
6980,1
6981,1
6982,1
6983,1
6984,1
6985,1
6986,1
6987,1
6988,1
6989,1
6990,1
6991,1
6992,1
6993,1
6994,1
6995,1
6996,1
6997,1
6998,1
6999,0
7000,0
7001,1
7002,1
7003,1
7004,1
7005,1
7006,0
7007,1
7008,1
7009,1
7010,1
7011,0
7012,1
7013,1
7014,1
7015,1
7016,1
7017,1
7018,1
7019,0
7020,1
7021,1
7022,1
7023,1
7024,1
7025,1
7026,1
7027,1
7028,0
7029,1
7030,1
7031,1
7032,1
7033,1
7034,1
7035,1
7036,0
7037,1
7038,1
7039,1
7040,1
7041,1
7042,0
7043,0
7044,1
7045,1
7046,1
7047,1
7048,1
7049,1
7050,1
7051,1
7052,0
7053,1
7054,1
7055,1
7056,1
7057,1
7058,1
7059,1
7060,1
7061,1
7062,1
7063,1
7064,1
7065,1
7066,1
7067,1
7068,1
7069,1
7070,1
7071,1
7072,1
7073,1
7074,1
7075,1
7076,1
7077,1
7078,0
7079,1
7080,0
7081,1
7082,1
7083,1
7084,0
7085,0
7086,1
7087,1
7088,1
7089,1
7090,1
7091,1
7092,1
7093,1
7094,1
7095,1
7096,1
7097,1
7098,1
7099,1
7100,1
7101,1
7102,1
7103,1
7104,1
7105,1
7106,1
7107,1
7108,1
7109,1
7110,1
7111,1
7112,1
7113,1
7114,1
7115,1
7116,1
7117,1
7118,1
7119,1
7120,1
7121,1
7122,1
7123,0
7124,1
7125,1
7126,1
7127,1
7128,1
7129,1
7130,1
7131,1
7132,1
7133,0
7134,1
7135,1
7136,1
7137,1
7138,1
7139,1
7140,1
7141,1
7142,0
7143,1
7144,1
7145,1
7146,1
7147,1
7148,0
7149,1
7150,1
7151,0
7152,1
7153,1
7154,1
7155,1
7156,1
7157,1
7158,1
7159,1
7160,1
7161,1
7162,1
7163,1
7164,1
7165,1
7166,1
7167,0
7168,1
7169,1
7170,1
7171,1
7172,0
7173,1
7174,0
7175,1
7176,1
7177,1
7178,1
7179,1
7180,1
7181,1
7182,1
7183,0
7184,0
7185,1
7186,1
7187,1
7188,1
7189,1
7190,1
7191,1
7192,0
7193,0
7194,1
7195,0
7196,1
7197,1
7198,1
7199,1
7200,1
7201,1
7202,1
7203,0
7204,1
7205,1
7206,1
7207,1
7208,1
7209,1
7210,1
7211,1
7212,1
7213,1
7214,1
7215,1
7216,1
7217,1
7218,1
7219,1
7220,1
7221,1
7222,1
7223,1
7224,1
7225,1
7226,1
7227,1
7228,1
7229,1
7230,1
7231,1
7232,1
7233,0
7234,1
7235,1
7236,1
7237,1
7238,1
7239,1
7240,0
7241,1
7242,1
7243,1
7244,1
7245,1
7246,1
7247,1
7248,1
7249,1
7250,0
7251,1
7252,0
7253,1
7254,1
7255,1
7256,0
7257,1
7258,1
7259,1
7260,0
7261,1
7262,1
7263,1
7264,0
7265,1
7266,1
7267,1
7268,1
7269,1
7270,1
7271,0
7272,1
7273,1
7274,1
7275,1
7276,1
7277,1
7278,1
7279,1
7280,1
7281,1
7282,1
7283,1
7284,0
7285,1
7286,1
7287,1
7288,1
7289,1
7290,0
7291,1
7292,1
7293,0
7294,0
7295,0
7296,0
7297,1
7298,1
7299,1
7300,1
7301,1
7302,1
7303,1
7304,1
7305,1
7306,1
7307,1
7308,1
7309,0
7310,1
7311,1
7312,0
7313,1
7314,1
7315,1
7316,1
7317,1
7318,1
7319,0
7320,1
7321,1
7322,1
7323,0
7324,1
7325,1
7326,1
7327,1
7328,1
7329,1
7330,0
7331,1
7332,1
7333,1
7334,1
7335,1
7336,1
7337,1
7338,0
7339,1
7340,1
7341,0
7342,1
7343,1
7344,0
7345,1
7346,1
7347,1
7348,1
7349,1
7350,1
7351,1
7352,0
7353,1
7354,1
7355,1
7356,1
7357,1
7358,1
7359,1
7360,1
7361,1
7362,1
7363,1
7364,1
7365,0
7366,1
7367,0
7368,1
7369,1
7370,1
7371,1
7372,0
7373,1
7374,0
7375,1
7376,1
7377,0
7378,0
7379,1
7380,1
7381,1
7382,1
7383,1
7384,1
7385,1
7386,1
7387,1
7388,1
7389,1
7390,1
7391,1
7392,1
7393,1
7394,1
7395,1
7396,1
7397,1
7398,0
7399,1
7400,1
7401,1
7402,1
7403,1
7404,0
7405,0
7406,1
7407,1
7408,1
7409,1
7410,1
7411,1
7412,1
7413,1
7414,1
7415,0
7416,0
7417,0
7418,1
7419,1
7420,0
7421,1
7422,1
7423,1
7424,1
7425,0
7426,1
7427,1
7428,1
7429,1
7430,0
7431,1
7432,1
7433,1
7434,1
7435,1
7436,1
7437,1
7438,0
7439,1
7440,1
7441,1
7442,0
7443,1
7444,1
7445,1
7446,1
7447,1
7448,1
7449,1
7450,1
7451,0
7452,1
7453,0
7454,1
7455,1
7456,1
7457,0
7458,1
7459,1
7460,1
7461,1
7462,1
7463,1
7464,1
7465,1
7466,1
7467,0
7468,1
7469,1
7470,1
7471,1
7472,1
7473,0
7474,1
7475,1
7476,1
7477,1
7478,1
7479,0
7480,1
7481,1
7482,1
7483,1
7484,1
7485,1
7486,1
7487,1
7488,1
7489,1
7490,1
7491,1
7492,1
7493,1
7494,1
7495,1
7496,1
7497,1
7498,1
7499,1
7500,1
7501,0
7502,1
7503,1
7504,1
7505,1
7506,1
7507,1
7508,1
7509,1
7510,1
7511,1
7512,1
7513,1
7514,1
7515,1
7516,1
7517,1
7518,1
7519,1
7520,1
7521,1
7522,1
7523,1
7524,1
7525,1
7526,0
7527,1
7528,1
7529,0
7530,1
7531,1
7532,1
7533,1
7534,1
7535,1
7536,1
7537,0
7538,1
7539,0
7540,0
7541,0
7542,1
7543,1
7544,0
7545,1
7546,1
7547,1
7548,1
7549,1
7550,0
7551,0
7552,1
7553,1
7554,1
7555,1
7556,1
7557,1
7558,1
7559,0
7560,1
7561,1
7562,0
7563,0
7564,1
7565,1
7566,1
7567,1
7568,1
7569,1
7570,1
7571,1
7572,0
7573,0
7574,1
7575,1
7576,1
7577,1
7578,1
7579,1
7580,1
7581,1
7582,1
7583,1
7584,1
7585,1
7586,1
7587,1
7588,1
7589,1
7590,1
7591,1
7592,0
7593,1
7594,1
7595,1
7596,1
7597,1
7598,1
7599,0
7600,1
7601,1
7602,1
7603,1
7604,1
7605,1
7606,1
7607,1
7608,0
7609,1
7610,1
7611,1
7612,0
7613,1
7614,1
7615,1
7616,1
7617,1
7618,0
7619,1
7620,1
7621,1
7622,1
7623,0
7624,1
7625,1
7626,1
7627,1
7628,1
7629,1
7630,1
7631,1
7632,1
7633,1
7634,1
7635,1
7636,1
7637,1
7638,1
7639,0
7640,1
7641,1
7642,1
7643,1
7644,1
7645,1
7646,1
7647,1
7648,1
7649,1
7650,0
7651,1
7652,0
7653,1
7654,1
7655,1
7656,1
7657,1
7658,1
7659,1
7660,1
7661,1
7662,1
7663,1
7664,0
7665,1
7666,1
7667,1
7668,1
7669,0
7670,1
7671,1
7672,0
7673,1
7674,1
7675,1
7676,0
7677,1
7678,1
7679,1
7680,1
7681,0
7682,1
7683,1
7684,1
7685,0
7686,1
7687,1
7688,1
7689,1
7690,0
7691,1
7692,1
7693,1
7694,1
7695,1
7696,1
7697,1
7698,1
7699,1
7700,1
7701,0
7702,1
7703,1
7704,0
7705,0
7706,0
7707,1
7708,1
7709,1
7710,1
7711,1
7712,0
7713,1
7714,1
7715,1
7716,1
7717,1
7718,1
7719,1
7720,1
7721,1
7722,1
7723,1
7724,0
7725,1
7726,1
7727,0
7728,1
7729,1
7730,1
7731,1
7732,1
7733,1
7734,1
7735,1
7736,1
7737,1
7738,1
7739,1
7740,1
7741,1
7742,1
7743,1
7744,1
7745,1
7746,1
7747,1
7748,1
7749,0
7750,0
7751,1
7752,1
7753,1
7754,1
7755,1
7756,1
7757,1
7758,1
7759,1
7760,1
7761,1
7762,1
7763,1
7764,1
7765,0
7766,1
7767,0
7768,1
7769,1
7770,1
7771,1
7772,0
7773,1
7774,1
7775,0
7776,1
7777,1
7778,1
7779,0
7780,1
7781,0
7782,1
7783,1
7784,1
7785,1
7786,0
7787,1
7788,1
7789,1
7790,1
7791,1
7792,1
7793,1
7794,1
7795,1
7796,1
7797,1
7798,0
7799,1
7800,1
7801,1
7802,0
7803,1
7804,1
7805,1
7806,1
7807,1
7808,1
7809,1
7810,1
7811,1
7812,0
7813,1
7814,1
7815,1
7816,0
7817,1
7818,0
7819,1
7820,0
7821,1
7822,1
7823,1
7824,1
7825,1
7826,1
7827,1
7828,1
7829,1
7830,1
7831,1
7832,1
7833,1
7834,0
7835,1
7836,0
7837,1
7838,1
7839,1
7840,0
7841,1
7842,1
7843,1
7844,1
7845,0
7846,1
7847,1
7848,0
7849,0
7850,1
7851,1
7852,0
7853,0
7854,1
7855,1
7856,1
7857,1
7858,1
7859,1
7860,1
7861,1
7862,1
7863,1
7864,1
7865,1
7866,1
7867,1
7868,1
7869,1
7870,1
7871,1
7872,1
7873,1
7874,0
7875,1
7876,1
7877,1
7878,1
7879,1
7880,0
7881,1
7882,1
7883,1
7884,1
7885,1
7886,1
7887,1
7888,1
7889,1
7890,1
7891,1
7892,1
7893,0
7894,0
7895,0
7896,1
7897,1
7898,0
7899,1
7900,1
7901,1
7902,1
7903,1
7904,1
7905,1
7906,1
7907,1
7908,1
7909,1
7910,1
7911,1
7912,1
7913,1
7914,1
7915,1
7916,1
7917,1
7918,1
7919,1
7920,1
7921,1
7922,1
7923,0
7924,1
7925,1
7926,1
7927,1
7928,1
7929,1
7930,1
7931,1
7932,1
7933,1
7934,1
7935,1
7936,1
7937,1
7938,1
7939,1
7940,1
7941,1
7942,1
7943,1
7944,1
7945,1
7946,0
7947,1
7948,1
7949,1
7950,1
7951,1
7952,1
7953,1
7954,1
7955,1
7956,1
7957,1
7958,1
7959,1
7960,0
7961,0
7962,0
7963,1
7964,1
7965,1
7966,1
7967,1
7968,1
7969,1
7970,0
7971,1
7972,1
7973,1
7974,1
7975,1
7976,1
7977,0
7978,1
7979,1
7980,1
7981,1
7982,1
7983,1
7984,1
7985,1
7986,1
7987,0
7988,1
7989,1
7990,0
7991,1
7992,1
7993,1
7994,1
7995,1
7996,0
7997,1
7998,1
7999,1
8000,1
8001,1
8002,1
8003,1
8004,1
8005,1
8006,1
8007,1
8008,1
8009,1
8010,1
8011,1
8012,1
8013,1
8014,1
8015,1
8016,0
8017,1
8018,1
8019,1
8020,1
8021,1
8022,1
8023,0
8024,1
8025,1
8026,1
8027,1
8028,1
8029,0
8030,0
8031,1
8032,0
8033,1
8034,1
8035,1
8036,1
8037,1
8038,1
8039,1
8040,1
8041,0
8042,1
8043,1
8044,1
8045,1
8046,1
8047,1
8048,1
8049,1
8050,1
8051,0
8052,1
8053,0
8054,0
8055,1
8056,1
8057,1
8058,1
8059,1
8060,0
8061,1
8062,1
8063,1
8064,1
8065,1
8066,0
8067,0
8068,1
8069,1
8070,0
8071,1
8072,1
8073,1
8074,1
8075,1
8076,1
8077,1
8078,1
8079,1
8080,1
8081,0
8082,1
8083,1
8084,1
8085,1
8086,1
8087,1
8088,1
8089,1
8090,1
8091,1
8092,1
8093,0
8094,1
8095,0
8096,1
8097,1
8098,1
8099,1
8100,1
8101,1
8102,1
8103,0
8104,1
8105,1
8106,1
8107,1
8108,1
8109,1
8110,1
8111,1
8112,1
8113,1
8114,1
8115,1
8116,0
8117,1
8118,1
8119,1
8120,0
8121,0
8122,0
8123,1
8124,1
8125,1
8126,1
8127,1
8128,1
8129,1
8130,1
8131,1
8132,1
8133,1
8134,1
8135,1
8136,1
8137,1
8138,0
8139,1
8140,1
8141,0
8142,1
8143,1
8144,0
8145,1
8146,1
8147,1
8148,1
8149,1
8150,1
8151,0
8152,1
8153,1
8154,1
8155,1
8156,1
8157,1
8158,1
8159,1
8160,1
8161,1
8162,1
8163,1
8164,1
8165,1
8166,1
8167,1
8168,1
8169,1
8170,1
8171,0
8172,1
8173,0
8174,1
8175,1
8176,1
8177,1
8178,1
8179,1
8180,1
8181,1
8182,1
8183,1
8184,0
8185,1
8186,1
8187,0
8188,1
8189,1
8190,1
8191,1
8192,1
8193,1
8194,1
8195,0
8196,1
8197,0
8198,0
8199,0
8200,1
8201,1
8202,1
8203,1
8204,1
8205,0
8206,1
8207,1
8208,0
8209,1
8210,1
8211,0
8212,1
8213,1
8214,1
8215,0
8216,1
8217,1
8218,0
8219,1
8220,0
8221,0
8222,0
8223,0
8224,0
8225,1
8226,0
8227,1
8228,1
8229,0
8230,0
8231,1
8232,0
8233,0
8234,0
8235,1
8236,0
8237,1
8238,0
8239,1
8240,0
8241,0
8242,0
8243,1
8244,1
8245,0
8246,1
8247,1
8248,1
8249,1
8250,0
8251,1
8252,1
8253,0
8254,1
8255,0
8256,1
8257,1
8258,1
8259,1
8260,0
8261,1
8262,0
8263,0
8264,0
8265,1
8266,0
8267,0
8268,1
8269,0
8270,0
8271,1
8272,1
8273,1
8274,1
8275,1
8276,1
8277,1
8278,1
8279,1
8280,1
8281,1
8282,1
8283,1
8284,1
8285,1
8286,1
8287,0
8288,0
8289,0
8290,0
8291,1
8292,1
8293,0
8294,1
8295,0
8296,1
8297,0
8298,1
8299,0
8300,1
8301,1
8302,0
8303,1
8304,1
8305,0
8306,1
8307,1
8308,0
8309,0
8310,1
8311,0
8312,1
8313,0
8314,0
8315,0
8316,1
8317,1
8318,1
8319,1
8320,0
8321,0
8322,1
8323,0
8324,1
8325,0
8326,1
8327,0
8328,1
8329,1
8330,1
8331,1
8332,0
8333,0
8334,0
8335,1
8336,0
8337,0
8338,1
8339,1
8340,0
8341,1
8342,1
8343,0
8344,0
8345,1
8346,1
8347,1
8348,1
8349,0
8350,0
8351,0
8352,1
8353,1
8354,1
8355,0
8356,1
8357,0
8358,0
8359,0
8360,1
8361,1
8362,0
8363,0
8364,0
8365,1
8366,0
8367,1
8368,0
8369,0
8370,0
8371,1
8372,1
8373,1
8374,1
8375,1
8376,1
8377,0
8378,0
8379,1
8380,0
8381,1
8382,0
8383,0
8384,1
8385,1
8386,1
8387,0
8388,0
8389,1
8390,1
8391,1
8392,0
8393,0
8394,1
8395,1
8396,0
8397,1
8398,0
8399,0
8400,0
8401,1
8402,0
8403,0
8404,0
8405,1
8406,1
8407,1
8408,1
8409,1
8410,1
8411,1
8412,1
8413,0
8414,1
8415,1
8416,1
8417,1
8418,0
8419,1
8420,0
8421,0
8422,0
8423,0
8424,1
8425,0
8426,0
8427,0
8428,1
8429,0
8430,1
8431,0
8432,1
8433,1
8434,0
8435,1
8436,0
8437,1
8438,1
8439,0
8440,0
8441,0
8442,1
8443,1
8444,1
8445,0
8446,0
8447,1
8448,0
8449,1
8450,0
8451,1
8452,1
8453,0
8454,0
8455,1
8456,0
8457,0
8458,0
8459,1
8460,1
8461,1
8462,0
8463,0
8464,0
8465,1
8466,0
8467,0
8468,1
8469,1
8470,0
8471,1
8472,0
8473,0
8474,1
8475,1
8476,0
8477,1
8478,1
8479,0
8480,1
8481,1
8482,1
8483,0
8484,1
8485,0
8486,1
8487,1
8488,1
8489,0
8490,0
8491,0
8492,1
8493,0
8494,1
8495,1
8496,1
8497,0
8498,1
8499,1
8500,1
8501,0
8502,0
8503,1
8504,1
8505,1
8506,0
8507,1
8508,1
8509,0
8510,0
8511,1
8512,1
8513,0
8514,1
8515,1
8516,1
8517,0
8518,0
8519,0
8520,0
8521,1
8522,1
8523,1
8524,1
8525,1
8526,1
8527,1
8528,0
8529,0
8530,1
8531,0
8532,0
8533,1
8534,0
8535,0
8536,0
8537,1
8538,1
8539,0
8540,0
8541,0
8542,0
8543,1
8544,0
8545,0
8546,1
8547,1
8548,1
8549,1
8550,0
8551,0
8552,0
8553,0
8554,1
8555,0
8556,1
8557,0
8558,0
8559,0
8560,0
8561,1
8562,0
8563,1
8564,1
8565,1
8566,1
8567,0
8568,0
8569,0
8570,1
8571,1
8572,0
8573,0
8574,0
8575,1
8576,0
8577,0
8578,0
8579,1
8580,1
8581,1
8582,1
8583,0
8584,0
8585,0
8586,1
8587,1
8588,1
8589,0
8590,0
8591,1
8592,1
8593,1
8594,0
8595,0
8596,1
8597,0
8598,0
8599,1
8600,0
8601,1
8602,0
8603,1
8604,1
8605,1
8606,1
8607,1
8608,1
8609,1
8610,1
8611,1
8612,1
8613,1
8614,1
8615,1
8616,1
8617,1
8618,0
8619,0
8620,1
8621,1
8622,1
8623,1
8624,0
8625,1
8626,1
8627,1
8628,1
8629,1
8630,1
8631,1
8632,1
8633,1
8634,1
8635,0
8636,1
8637,1
8638,1
8639,1
8640,1
8641,1
8642,1
8643,1
8644,1
8645,0
8646,1
8647,1
8648,0
8649,0
8650,1
8651,1
8652,1
8653,1
8654,1
8655,1
8656,1
8657,1
8658,1
8659,1
8660,1
8661,0
8662,1
8663,1
8664,1
8665,1
8666,1
8667,1
8668,1
8669,1
8670,1
8671,1
8672,1
8673,1
8674,0
8675,1
8676,1
8677,1
8678,0
8679,1
8680,1
8681,1
8682,1
8683,1
8684,1
8685,1
8686,1
8687,1
8688,1
8689,1
8690,1
8691,1
8692,1
8693,1
8694,1
8695,1
8696,1
8697,0
8698,1
8699,1
8700,1
8701,1
8702,1
8703,1
8704,1
8705,1
8706,1
8707,1
8708,1
8709,1
8710,0
8711,1
8712,1
8713,1
8714,1
8715,1
8716,1
8717,0
8718,1
8719,0
8720,1
8721,1
8722,1
8723,1
8724,1
8725,0
8726,1
8727,1
8728,1
8729,1
8730,1
8731,1
8732,0
8733,1
8734,1
8735,1
8736,1
8737,1
8738,1
8739,1
8740,0
8741,1
8742,1
8743,1
8744,1
8745,1
8746,1
8747,1
8748,0
8749,0
8750,1
8751,1
8752,1
8753,1
8754,1
8755,1
8756,1
8757,1
8758,0
8759,1
8760,1
8761,1
8762,1
8763,1
8764,0
8765,0
8766,1
8767,1
8768,1
8769,1
8770,1
8771,1
8772,1
8773,0
8774,1
8775,1
8776,1
8777,1
8778,0
8779,1
8780,0
8781,0
8782,1
8783,1
8784,1
8785,1
8786,1
8787,1
8788,1
8789,1
8790,0
8791,0
8792,1
8793,1
8794,1
8795,1
8796,1
8797,1
8798,1
8799,0
8800,0
8801,1
8802,1
8803,1
8804,1
8805,1
8806,0
8807,1
8808,1
8809,1
8810,1
8811,0
8813,0
8814,0
8815,1
8816,0
8817,1
8818,0
8819,1
8820,1
8821,1
8822,1
8823,0
8824,1
8825,1
8826,1
8827,0
8828,0
8829,1
8830,0
8831,1
8832,1
8833,1
8834,0
8835,1
8836,1
8837,1
8838,1
8839,1
8840,1
8841,1
8842,1
8843,1
8844,1
8845,0
8846,1
8847,0
8848,1
8849,1
8850,0
8851,1
8852,1
8853,0
8854,1
8855,1
8856,1
8857,1
8858,0
8859,1
8860,1
8861,1
8862,1
8863,1
8864,1
8865,0
8866,1
8867,1
8868,1
8869,1
8870,1
8871,1
8872,1
8873,1
8874,1
8875,1
8876,1
8877,1
8878,1
8879,1
8880,1
8881,1
8882,1
8883,1
8884,0
8885,1
8886,0
8887,1
8888,1
8889,0
8890,0
8891,1
8892,1
8893,1
8894,1
8895,1
8896,1
8897,0
8898,1
8899,1
8900,1
8901,0
8902,1
8903,1
8904,1
8905,1
8906,1
8907,1
8908,0
8909,0
8910,1
8911,1
8912,1
8913,0
8914,0
8915,0
8916,0
8917,1
8918,1
8919,1
8920,1
8921,0
8922,1
8923,0
8924,1
8925,0
8926,1
8927,0
8928,0
8929,1
8930,1
8931,0
8932,0
8933,1
8934,1
8935,1
8936,1
8937,0
8938,1
8939,1
8940,1
8941,1
8942,1
8943,1
8944,1
8945,1
8946,1
8947,0
8948,0
8949,1
8950,1
8951,1
8952,0
8953,0
8954,1
8955,1
8956,0
8957,1
8958,1
8959,0
8960,0
8961,0
8962,0
8963,1
8964,1
8965,1
8966,1
8967,1
8968,1
8969,0
8970,1
8971,1
8972,1
8973,1
8974,1
8975,1
8976,0
8977,1
8978,1
8979,1
8980,1
8981,1
8982,0
8983,1
8984,0
8985,0
8986,1
8987,1
8988,1
8989,0
8990,1
8991,1
8992,1
8993,1
8994,1
8995,1
8996,1
8997,0
8998,0
8999,1
9000,1
9001,1
9002,1
9003,1
9004,1
9005,1
9006,0
9007,0
9008,1
9009,1
9010,1
9011,1
9012,1
9013,0
9014,1
9015,0
9016,1
9017,1
9018,1
9019,1
9020,1
9021,1
9022,1
9023,1
9024,1
9025,1
9026,1
9027,1
9028,1
9029,1
9030,1
9031,1
9032,0
9033,1
9034,1
9035,1
9036,0
9037,1
9038,1
9039,0
9040,0
9041,0
9042,0
9043,1
9044,1
9045,1
9046,0
9047,1
9048,1
9049,1
9050,0
9051,1
9052,1
9053,1
9054,1
9055,1
9056,0
9057,1
9058,1
9059,1
9060,1
9061,1
9062,1
9063,1
9064,1
9065,1
9066,1
9067,1
9068,1
9069,0
9070,0
9071,1
9072,0
9073,1
9074,0
9075,1
9076,0
9077,0
9078,1
9079,1
9080,1
9081,0
9082,1
9083,0
9084,0
9085,1
9086,1
9087,1
9088,1
9089,1
9090,1
9091,1
9092,1
9093,1
9094,1
9095,1
9096,1
9097,0
9098,1
9099,1
9100,1
9101,1
9102,0
9103,1
9104,0
9105,0
9106,1
9107,1
9108,1
9109,1
9110,1
9111,1
9112,1
9113,1
9114,1
9115,1
9116,0
9117,1
9118,1
9119,1
9120,1
9121,1
9122,1
9123,0
9124,0
9125,1
9126,1
9127,1
9128,1
9129,1
9130,0
9131,1
9132,1
9133,1
9134,1
9135,1
9136,1
9137,0
9138,0
9139,1
9140,1
9141,0
9142,1
9143,1
9144,1
9145,1
9146,1
9147,1
9148,1
9149,1
9150,1
9151,1
9152,1
9153,0
9154,1
9155,1
9156,1
9157,1
9158,1
9159,1
9160,1
9161,1
9162,1
9163,0
9164,0
9165,1
9166,0
9167,0
9168,1
9169,1
9170,1
9171,1
9172,1
9173,1
9174,1
9175,1
9176,1
9177,1
9178,1
9179,1
9180,1
9181,0
9182,1
9183,1
9184,0
9185,1
9186,1
9187,1
9188,1
9189,1
9190,1
9191,1
9192,1
9193,1
9194,1
9195,1
9196,1
9197,1
9198,1
9199,0
9200,0
9201,1
9202,1
9203,1
9204,0
9205,1
9206,0
9207,1
9208,0
9209,1
9210,0
9211,1
9212,1
9213,1
9214,1
9215,0
9216,1
9217,1
9218,1
9219,1
9220,1
9221,1
9222,1
9223,1
9224,1
9225,1
9226,0
9227,0
9228,0
9229,1
9230,1
9231,1
9232,1
9233,1
9234,0
9235,1
9236,1
9237,1
9238,1
9239,1
9240,1
9241,0
9242,1
9243,1
9244,1
9245,1
9246,1
9247,1
9248,1
9249,0
9250,1
9251,1
9252,1
9253,0
9254,0
9255,1
9256,1
9257,1
9258,0
9259,1
9260,0
9261,0
9262,1
9263,1
9264,1
9265,1
9266,1
9267,1
9268,0
9269,1
9270,1
9271,1
9272,1
9273,1
9274,1
9275,0
9276,1
9277,1
9278,1
9279,0
9280,1
9281,0
9282,0
9283,0
9284,1
9285,0
9286,0
9287,1
9288,0
9289,1
9290,0
9291,1
9292,0
9293,1
9294,1
9295,1
9296,1
9297,1
9298,0
9299,1
9300,1
9301,1
9302,1
9303,1
9304,0
9305,1
9306,1
9307,1
9308,1
9309,1
9310,1
9311,1
9312,1
9313,1
9314,1
9315,1
9316,1
9317,1
9318,1
9319,1
9320,1
9321,0
9322,0
9323,0
9324,1
9325,1
9326,1
9327,1
9328,1
9329,1
9330,1
9331,1
9332,1
9333,1
9334,0
9335,1
9336,0
9337,0
9338,1
9339,0
9340,0
9341,1
9342,1
9343,0
9344,0
9345,0
9346,1
9347,1
9348,1
9349,0
9350,0
9351,1
9352,1
9353,0
9354,1
9355,0
9356,0
9357,1
9358,1
9359,0
9360,1
9361,0
9362,1
9363,1
9364,0
9365,0
9366,0
9367,1
9368,1
9369,1
9370,1
9371,1
9372,1
9373,1
9374,0
9375,1
9376,1
9377,0
9378,0
9379,1
9380,1
9381,1
9382,1
9383,1
9384,0
9385,0
9386,1
9387,1
9388,1
9389,1
9390,1
9391,1
9392,1
9393,1
9394,1
9395,0
9396,0
9397,1
9398,1
9399,1
9400,1
9401,1
9402,1
9403,0
9404,0
9405,0
9406,0
9407,0
9408,1
9409,0
9410,0
9411,0
9412,0
9413,0
9414,0
9415,0
9416,0
9417,0
9418,0
9419,1
9420,1
9421,0
9422,1
9423,0
9424,0
9425,0
9426,1
9427,1
9428,1
9429,0
9430,0
9431,1
9432,0
9433,1
9434,1
9435,0
9436,0
9437,0
9438,1
9439,0
9440,1
9441,1
9442,1
9443,0
9444,1
9445,0
9446,0
9447,0
9448,0
9449,0
9450,1
9451,0
9452,1
9453,1
9454,1
9455,0
9456,0
9457,0
9458,1
9459,0
9460,1
9461,1
9462,0
9463,1
9464,1
9465,1
9466,1
9467,1
9468,1
9469,1
9470,1
9471,1
9472,0
9473,1
9474,1
9475,1
9476,1
9477,1
9478,0
9479,0
9480,1
9481,0
9482,1
9483,0
9484,0
9485,1
9486,0
9487,0
9488,1
9489,1
9490,1
9491,1
9492,0
9493,1
9494,0
9495,1
9496,1
9497,0
9498,1
9499,1
9500,1
9501,1
9502,0
9503,1
9504,1
9505,1
9506,0
9507,1
9508,1
9509,1
9510,1
9511,1
9512,1
9513,1
9514,0
9515,0
9516,1
9517,0
9518,0
9519,1
9520,1
9521,1
9522,0
9523,1
9524,1
9525,0
9526,0
9527,1
9528,1
9529,1
9530,1
9531,1
9532,1
9533,1
9534,0
9535,1
9536,1
9537,1
9538,0
9539,0
9540,1
9541,1
9542,0
9543,1
9544,1
9545,1
9546,1
9547,1
9548,1
9549,1
9550,1
9551,1
9552,1
9553,1
9554,1
9555,1
9556,0
9557,0
9558,0
9559,1
9560,0
9561,1
9562,1
9563,1
9564,1
9565,1
9566,1
9567,1
9568,1
9569,0
9570,1
9571,1
9572,0
9573,1
9574,1
9575,0
9576,1
9577,0
9578,0
9579,1
9580,0
9581,0
9582,0
9583,0
9584,0
9585,0
9586,1
9587,0
9588,1
9589,1
9590,1
9591,0
9592,1
9593,1
9594,1
9595,0
9596,1
9597,1
9598,1
9599,0
9600,1
9601,1
9602,0
9603,1
9604,1
9605,1
9606,1
9607,1
9608,1
9609,1
9610,0
9611,1
9612,1
9613,1
9614,1
9615,1
9616,1
9617,0
9618,0
9619,0
9620,1
9621,1
9622,0
9623,0
9624,1
9625,0
9626,1
9627,1
9628,1
9629,1
9630,1
9631,0
9632,0
9633,1
9634,0
9635,1
9636,1
9637,1
9638,0
9639,1
9640,1
9641,0
9642,1
9643,1
9644,0
9645,1
9646,0
9647,1
9648,0
9649,1
9650,1
9651,0
9652,1
9653,0
9654,0
9655,1
9656,1
9657,1
9658,1
9659,1
9660,0
9661,1
9662,0
9663,1
9664,1
9665,1
9666,1
9667,1
9668,1
9669,1
9670,1
9671,1
9672,1
9673,1
9674,1
9675,1
9676,1
9677,1
9678,0
9679,1
9680,1
9681,1
9682,0
9683,1
9684,1
9685,1
9686,1
9687,0
9688,1
9689,1
9690,0
9691,1
9692,0
9693,0
9694,0
9695,0
9696,1
9697,1
9698,1
9699,0
9700,1
9701,0
9702,0
9703,1
9704,1
9705,1
9706,1
9707,1
9708,1
9709,1
9710,0
9711,0
9712,0
9713,0
9714,1
9715,0
9716,1
9717,1
9718,1
9719,0
9720,0
9721,1
9722,0
9723,1
9724,0
9725,1
9726,0
9727,0
9728,0
9729,1
9730,1
9731,1
9732,0
9733,1
9734,0
9735,0
9736,0
9737,0
9738,1
9739,0
9740,0
9741,0
9742,1
9743,0
9744,0
9745,0
9746,0
9747,1
9748,0
9749,0
9750,0
9751,0
9752,1
9753,1
9754,1
9755,1
9756,0
9757,1
9758,0
9759,0
9760,0
9761,0
9762,0
9763,1
9764,0
9765,1
9766,1
9767,1
9768,0
9769,1
9770,1
9771,0
9772,1
9773,1
9774,0
9775,0
9776,0
9777,1
9778,1
9779,0
9780,0
9781,0
9782,0
9783,0
9784,0
9785,1
9786,0
9787,0
9788,0
9789,1
9790,1
9791,1
9792,1
9793,0
9794,0
9795,0
9796,1
9797,0
9798,1
9799,1
9800,0
9801,1
9802,0
9803,1
9804,1
9805,0
9806,0
9807,0
9808,0
9809,0
9810,1
9811,1
9812,0
9813,0
9814,1
9815,0
9816,0
9817,1
9818,1
9819,0
9820,1
9821,0
9822,0
9824,1
9825,1
9826,0
9827,0
9828,1
9829,0
9830,1
9831,1
9832,1
9833,1
9834,1
9835,1
9836,0
9837,1
9838,1
9839,0
9840,0
9841,0
9842,1
9843,1
9844,1
9845,1
9846,1
9847,1
9848,0
9849,1
9850,0
9851,0
9852,1
9853,0
9854,0
9855,0
9856,0
9857,0
9858,0
9859,1
9861,1
9862,1
9863,1
9864,1
9865,0
9866,1
9867,1
9868,0
9869,1
9870,0
9871,0
9872,0
9873,1
9874,1
9875,0
9876,0
9877,0
9878,0
9879,0
9880,1
9881,0
9882,1
9883,0
9884,0
9885,0
9886,0
9887,0
9888,1
9889,0
9890,1
9891,1
9892,0
9893,0
9894,0
9895,0
9896,1
9897,0
9898,0
9899,1
9900,0
9901,1
9902,1
9903,0
9904,1
9905,0
9906,0
9907,0
9908,0
9909,1
9910,1
9911,0
9912,1
9913,1
9914,1
9915,0
9916,1
9917,0
9918,0
9919,1
9920,0
9921,0
9922,0
9924,1
9925,1
9926,1
9927,1
9928,0
9929,0
9930,1
9931,1
9932,0
9933,1
9934,0
9935,0
9936,0
9937,1
9938,0
9939,0
9940,0
9941,1
9942,0
9943,1
9944,0
9945,0
9946,1
9947,1
9948,1
9949,1
9950,0
9951,1
9952,1
9953,0
9954,0
9955,0
9956,0
9957,0
9958,0
9959,0
9960,1
9961,1
9962,1
9963,0
9964,1
9965,1
9966,1
9967,1
9968,0
9969,1
9970,0
9971,0
9972,0
9973,0
9974,0
9975,1
9976,1
9977,0
9978,0
9979,1
9980,0
9981,1
9982,0
9983,0
9984,0
9985,0
9986,0
9987,1
9988,0
9989,1
9990,1
9991,1
9992,0
9993,0
9994,1
9995,1
9996,0
9997,0
9998,0
9999,1
10000,1
10001,0
10002,0
10003,0
10004,1
10005,1
10006,0
10007,0
10008,0
10009,1
10010,0
10011,0
10012,1
10013,1
10014,0
10015,0
10016,0
10017,0
10018,0
10019,0
10020,0
10021,0
10022,0
10023,0
10024,1
10025,1
10026,0
10027,1
10028,1
10029,0
10030,1
10031,0
10032,0
10033,1
10034,1
10035,0
10036,0
10037,1
10038,1
10039,1
10040,1
10041,0
10042,1
10043,0
10044,1
10045,0
10046,0
10047,1
10048,0
10049,1
10050,0
10051,0
10052,1
10053,0
10054,0
10055,0
10056,0
10057,1
10058,1
10059,0
10060,0
10061,0
10062,1
10063,0
10064,0
10065,0
10066,0
10067,1
10068,1
10069,1
10070,1
10071,0
10072,0
10073,1
10074,0
10075,0
10076,0
10077,0
10078,1
10079,1
10080,1
10081,0
10082,0
10083,0
10084,0
10085,0
10086,1
10087,1
10088,1
10089,0
10090,0
10091,0
10092,1
10093,0
10094,0
10095,0
10096,1
10097,0
10098,1
10099,1
10100,0
10101,1
10102,1
10103,0
10104,0
10105,1
10106,1
10107,0
10108,0
10109,0
10110,0
10111,0
10112,0
10113,0
10114,0
10115,1
10116,0
10117,1
10118,1
10119,0
10120,0
10121,1
10122,1
10123,0
10124,0
10125,0
10126,0
10127,0
10128,0
10129,0
10130,1
10131,1
10132,1
10133,0
10134,1
10135,1
10136,0
10137,1
10138,0
10139,0
10140,1
10141,1
10142,1
10143,1
10144,0
10145,1
10146,0
10147,0
10148,1
10149,0
10150,0
10151,0
10152,1
10153,0
10154,0
10155,1
10156,0
10157,0
10158,1
10159,0
10160,1
10161,0
10162,0
10163,0
10164,0
10165,1
10166,0
10167,1
10168,1
10169,0
10170,0
10171,0
10172,1
10173,0
10174,1
10175,0
10176,1
10177,1
10178,0
10179,1
10180,1
10181,1
10182,1
10183,0
10184,1
10185,0
10186,1
10187,0
10188,0
10189,1
10190,0
10191,0
10192,1
10193,1
10194,1
10195,0
10196,1
10197,1
10198,0
10199,0
10200,0
10201,1
10202,0
10203,1
10204,1
10205,1
10206,0
10207,0
10208,0
10209,0
10210,1
10211,0
10212,1
10213,0
10214,0
10215,0
10216,0
10217,1
10218,0
10219,0
10220,0
10221,1
10222,0
10223,1
10224,0
10225,0
10226,0
10227,0
10228,0
10229,1
10230,0
10231,1
10232,0
10233,0
10234,0
10235,0
10236,0
10237,0
10238,0
10239,1
10240,0
10241,0
10242,0
10243,1
10244,0
10245,0
10246,0
10247,0
10248,1
10249,1
10250,0
10251,1
10252,1
10253,1
10254,1
10255,0
10256,0
10257,0
10258,1
10259,0
10260,0
10261,0
10262,0
10263,1
10264,1
10266,0
10267,0
10268,0
10269,1
10270,0
10271,1
10272,0
10273,0
10274,0
10275,1
10276,0
10277,0
10278,1
10279,0
10280,0
10281,1
10282,1
10283,0
10284,1
10285,1
10286,0
10287,0
10288,1
10289,1
10290,1
10291,0
10292,0
10293,1
10294,1
10295,0
10296,0
10297,0
10298,0
10299,0
10300,0
10301,0
10302,0
10303,0
10304,0
10305,0
10307,0
10308,0
10309,0
10310,1
10311,0
10312,0
10313,0
10314,0
10315,0
10316,0
10317,0
10318,0
10319,0
10320,1
10321,0
10322,0
10323,0
10324,1
10325,0
10326,0
10327,0
10328,1
10329,0
10330,0
10331,0
10332,0
10333,0
10334,0
10335,0
10336,0
10337,1
10338,0
10339,0
10340,0
10341,0
10342,0
10343,1
10344,0
10345,0
10346,0
10347,1
10348,0
10349,1
10350,0
10351,1
10352,0
10353,0
10354,0
10355,0
10356,1
10357,0
10358,1
10359,0
10360,1
10361,0
10362,0
10363,0
10364,0
10365,1
10366,0
10367,0
10368,1
10369,0
10370,0
10371,1
10372,1
10373,0
10374,0
10375,0
10376,0
10377,0
10378,0
10379,0
10380,0
10381,0
10382,0
10383,1
10384,0
10385,1
10386,0
10387,1
10388,1
10389,1
10390,1
10391,0
10392,0
10393,0
10394,0
10395,0
10396,0
10397,1
10398,1
10399,0
10400,1
10401,0
10402,1
10403,1
10404,1
10405,1
10406,1
10407,0
10408,0
10409,0
10410,0
10411,1
10412,0
10413,1
10414,0
10415,1
10416,1
10417,0
10418,1
10419,1
10420,1
10421,1
10422,1
10423,0
10424,1
10425,0
10427,1
10428,1
10429,1
10430,0
10431,0
10432,0
10433,0
10434,1
10435,1
10437,0
10438,1
10439,1
10440,1
10441,0
10442,1
10443,0
10444,1
10445,0
10446,0
10447,1
10448,0
10449,1
10450,0
10451,0
10452,0
10453,0
10454,1
10455,0
10456,1
10457,0
10458,1
10459,0
10460,0
10461,0
10462,0
10463,1
10464,1
10465,1
10466,1
10467,1
10468,1
10469,0
10470,0
10471,0
10472,1
10473,1
10474,1
10475,1
10476,0
10477,0
10478,1
10479,0
10480,0
10481,1
10482,0
10483,0
10484,0
10485,1
10486,1
10487,1
10488,0
10489,0
10490,0
10491,0
10492,1
10493,1
10494,0
10495,0
10496,1
10497,1
10498,1
10499,0
10500,0
10501,0
10502,0
10503,1
10504,0
10505,1
10506,1
10507,1
10508,1
10509,0
10510,0
10511,0
10512,0
10513,1
10514,1
10515,1
10516,1
10517,1
10518,0
10519,1
10520,1
10521,0
10522,1
10523,1
10524,1
10525,1
10526,0
10527,0
10528,0
10529,0
10530,0
10531,0
10532,0
10533,1
10534,0
10535,0
10536,0
10537,0
10538,0
10540,0
10541,1
10542,0
10543,1
10544,1
10545,1
10546,1
10547,1
10548,0
10549,0
10550,0
10551,1
10552,0
10553,0
10554,1
10555,0
10556,0
10557,0
10558,0
10559,0
10560,0
10561,0
10562,0
10563,1
10564,1
10565,1
10566,1
10567,0
10568,1
10569,1
10570,0
10571,0
10572,0
10573,0
10574,1
10575,1
10576,1
10577,1
10578,1
10579,0
10580,1
10581,1
10582,1
10583,0
10584,0
10585,0
10586,0
10587,0
10588,0
10589,0
10590,1
10591,0
10592,0
10593,0
10594,0
10595,0
10596,1
10597,1
10598,1
10599,1
10600,1
10601,1
10602,1
10603,0
10604,0
10605,1
10606,1
10607,1
10608,1
10609,1
10610,0
10611,1
10612,1
10613,0
10614,0
10615,1
10616,0
10617,0
10618,1
10619,1
10620,1
10621,1
10622,0
10623,0
10624,1
10625,0
10626,0
10627,0
10628,1
10629,1
10630,1
10631,1
10632,1
10633,0
10634,1
10635,1
10636,0
10637,0
10638,1
10639,0
10640,0
10641,0
10642,1
10643,1
10644,0
10645,1
10646,0
10647,1
10648,0
10649,1
10650,1
10651,1
10652,0
10653,0
10654,0
10655,0
10656,0
10657,0
10658,1
10659,0
10660,1
10661,0
10662,1
10663,0
10664,0
10665,0
10666,0
10667,1
10668,0
10669,1
10670,0
10671,0
10672,0
10673,1
10674,0
10675,0
10676,1
10677,1
10679,1
10680,1
10681,0
10682,1
10683,1
10684,1
10685,0
10686,1
10687,1
10688,1
10689,1
10690,1
10691,0
10692,0
10693,1
10694,1
10695,0
10696,0
10697,1
10698,0
10699,0
10700,0
10701,1
10702,1
10703,1
10704,1
10705,0
10706,1
10707,1
10708,1
10709,0
10710,1
10711,1
10712,0
10713,1
10714,1
10715,0
10716,0
10717,1
10718,0
10719,1
10720,1
10721,1
10722,0
10723,0
10725,0
10726,1
10727,1
10728,0
10729,1
10730,1
10731,1
10732,1
10733,0
10734,1
10735,1
10736,0
10737,0
10738,0
10739,0
10740,1
10741,1
10742,0
10743,0
10744,1
10745,0
10746,1
10747,1
10748,1
10749,1
10750,0
10751,0
10752,1
10753,0
10754,0
10755,0
10756,0
10757,1
10758,1
10759,1
10760,0
10761,1
10762,1
10763,0
10764,0
10765,1
10766,0
10768,0
10769,1
10770,1
10771,0
10772,0
10773,1
10774,0
10775,1
10776,1
10778,0
10779,1
10780,1
10781,0
10782,1
10783,0
10784,1
10785,0
10786,0
10787,0
10788,1
10789,1
10790,1
10791,1
10792,0
10793,0
10794,1
10795,0
10796,1
10797,0
10798,1
10799,0
10800,0
10801,1
10802,1
10803,0
10804,0
10805,1
10806,0
10807,0
10808,0
10809,0
10810,0
10811,0
10812,1
10813,1
10814,1
10815,0
10816,1
10817,0
10818,1
10819,1
10820,1
10821,1
10822,0
10823,0
10824,1
10825,1
10826,1
10827,0
10828,0
10829,0
10830,1
10831,0
10832,1
10833,1
10834,0
10835,1
10837,1
10838,1
10839,1
10840,0
10841,1
10842,1
10843,1
10844,0
10845,1
10846,0
10847,1
10848,1
10849,0
10850,1
10851,1
10852,0
10853,0
10854,0
10855,0
10856,0
10857,0
10858,1
10859,0
10860,1
10861,1
10862,0
10863,0
10864,1
10865,1
10866,0
10867,1
10868,0
10869,1
10870,0
10871,1
10872,1
10873,1
10874,0
10875,0
10876,0
10877,1
10878,0
10879,0
10880,0
10881,1
10882,1
10883,1
10884,1
10885,1
10886,1
10887,1
10888,0
10889,0
10890,1
10891,1
10892,1
10894,1
10895,0
10896,0
10897,0
10898,1
10899,1
10900,1
10901,1
10902,0
10903,0
10904,1
10905,0
10906,1
10907,0
10908,0
10909,1
10910,1
10911,1
10912,1
10913,1
10914,0
10915,0
10916,0
10917,0
10918,1
10919,0
10920,1
10921,0
10922,0
10923,0
10924,1
10925,1
10926,1
10927,0
10928,0
10929,1
10930,1
10931,1
10932,0
10933,1
10934,0
10935,0
10936,1
10937,0
10938,0
10939,1
10940,0
10941,0
10942,1
10943,1
10944,1
10945,0
10946,1
10947,0
10948,1
10949,0
10950,1
10951,0
10952,0
10953,0
10954,0
10955,1
10956,1
10957,1
10958,0
10959,0
10960,1
10961,1
10963,1
10964,0
10965,1
10966,1
10967,0
10968,0
10969,1
10970,0
10971,0
10972,1
10973,1
10974,0
10975,1
10976,1
10977,1
10978,0
10979,1
10980,1
10981,1
10983,0
10984,1
10985,1
10986,0
10987,1
10988,1
10989,1
10990,1
10991,1
10992,1
10993,1
10994,1
10995,0
10996,1
10997,0
10998,1
10999,1
11000,0
11002,0
11003,1
11004,1
11005,0
11006,0
11007,1
11008,1
11009,1
11010,1
11011,1
11012,0
11013,1
11014,0
11015,1
11016,1
11017,1
11018,1
11019,1
11020,0
11021,0
11022,0
11023,0
11024,0
11025,0
11026,1
11027,1
11028,0
11029,1
11030,1
11031,0
11032,1
11033,0
11034,1
11035,0
11036,0
11037,0
11038,0
11039,1
11040,1
11041,1
11042,1
11043,1
11044,1
11045,0
11046,0
11047,0
11048,0
11049,0
11050,0
11051,1
11052,0
11053,1
11054,1
11055,0
11056,1
11057,1
11058,0
11059,0
11060,0
11061,0
11062,0
11063,1
11064,0
11065,1
11066,0
11067,1
11068,1
11069,1
11070,1
11071,1
11072,0
11073,1
11074,0
11075,0
11076,1
11077,1
11078,1
11079,0
11080,1
11081,1
11082,1
11083,1
11084,1
11085,1
11086,0
11087,0
11088,1
11089,1
11090,0
11091,0
11092,1
11093,0
11094,0
11095,1
11096,1
11097,1
11098,1
11099,1
11100,0
11101,1
11102,0
11103,0
11104,1
11105,1
11106,1
11107,1
11108,0
11109,1
11110,0
11111,1
11112,1
11113,1
11114,0
11115,1
11116,1
11117,1
11118,1
11119,1
11120,1
11121,1
11122,1
11123,0
11124,1
11125,0
11126,1
11127,1
11128,1
11129,0
11130,1
11131,0
11132,0
11133,1
11134,0
11135,1
11136,1
11137,1
11138,1
11139,1
11140,1
11141,0
11142,1
11143,0
11144,1
11145,0
11146,0
11147,0
11148,1
11149,1
11150,1
11151,0
11152,0
11153,0
11154,1
11155,1
11156,1
11157,0
11158,0
11159,0
11160,0
11161,0
11162,1
11163,1
11164,0
11165,1
11166,0
11167,1
11168,0
11169,1
11170,0
11171,1
11172,1
11173,1
11174,0
11175,1
11176,1
11177,0
11178,1
11179,1
11180,0
11181,1
11182,0
11183,0
11184,1
11185,1
11186,0
11187,1
11188,1
11189,0
11190,1
11191,1
11192,1
11193,1
11194,1
11195,1
11196,1
11197,1
11198,0
11199,1
11200,0
11201,0
11203,1
11204,1
11205,1
11206,1
11207,1
11208,1
11209,1
11210,1
11211,0
11212,0
11213,0
11214,0
11215,1
11216,1
11217,1
11218,1
11219,1
11220,0
11221,0
11222,1
11223,1
11224,1
11225,1
11226,1
11227,0
11228,0
11229,1
11230,0
11231,0
11232,1
11233,1
11234,1
11235,1
11236,1
11237,1
11238,1
11239,0
11240,0
11241,0
11242,0
11243,0
11244,1
11245,1
11246,1
11247,0
11248,1
11249,1
11250,0
11251,1
11252,1
11253,1
11254,1
11255,0
11256,1
11257,0
11258,1
11259,1
11260,0
11261,1
11262,1
11263,0
11264,1
11265,0
11266,0
11267,0
11268,1
11269,1
11270,0
11271,0
11272,0
11273,0
11275,0
11276,1
11277,1
11278,0
11279,1
11280,1
11281,1
11282,0
11283,0
11284,0
11285,1
11286,1
11287,0
11288,0
11289,1
11290,0
11291,1
11292,0
11293,1
11294,1
11295,0
11296,1
11297,0
11298,1
11299,1
11300,0
11301,1
11302,0
11303,0
11304,0
11305,1
11306,1
11307,1
11308,1
11309,0
11310,0
11311,1
11312,0
11313,1
11314,0
11315,1
11316,1
11317,1
11318,0
11319,1
11320,0
11321,0
11322,1
11323,0
11324,0
11325,1
11326,0
11327,0
11328,1
11329,0
11330,1
11331,0
11332,1
11333,0
11334,1
11335,0
11336,0
11337,0
11339,1
11340,0
11341,1
11342,1
11343,1
11344,1
11345,1
11346,1
11347,1
11348,0
11349,0
11350,1
11351,0
11352,1
11353,1
11354,1
11355,1
11356,1
11357,1
11358,1
11359,1
11360,1
11361,0
11362,1
11363,1
11364,1
11365,0
11366,0
11367,0
11368,0
11369,1
11370,0
11371,1
11372,0
11373,0
11374,1
11375,1
11376,0
11377,1
11378,1
11379,1
11380,1
11381,1
11382,1
11383,1
11384,1
11385,1
11386,0
11387,0
11388,0
11389,0
11390,1
11391,0
11392,1
11393,1
11394,1
11395,0
11396,0
11397,1
11398,0
11399,0
11400,0
11401,1
11402,1
11403,1
11404,0
11405,1
11406,0
11407,1
11408,1
11409,0
11410,1
11411,0
11412,1
11413,0
11414,0
11415,1
11416,1
11417,0
11418,1
11419,1
11420,1
11421,0
11422,1
11423,1
11424,0
11425,0
11426,0
11427,1
11428,1
11429,0
11431,1
11432,1
11433,1
11434,1
11435,1
11436,0
11437,1
11438,1
11439,0
11440,0
11441,1
11442,0
11443,1
11444,1
11445,1
11446,0
11447,0
11448,1
11449,1
11450,1
11451,1
11452,1
11453,1
11454,0
11455,1
11456,1
11457,1
11458,1
11459,1
11460,1
11461,1
11462,1
11463,1
11464,1
11465,1
11466,1
11467,0
11468,0
11469,1
11470,1
11471,1
11472,0
11473,1
11474,0
11475,1
11476,1
11477,1
11478,0
11479,0
11480,1
11481,1
11482,1
11483,1
11484,0
11485,1
11486,1
11487,0
11488,1
11489,0
11491,1
11492,1
11493,1
11494,1
11495,0
11496,0
11497,0
11498,1
11499,0
11500,0
11501,0
11502,0
11503,0
11504,0
11505,1
11506,1
11507,0
11508,0
11509,1
11510,1
11511,1
11512,1
11513,0
11514,0
11515,0
11516,0
11517,1
11518,0
11519,0
11520,0
11521,0
11522,0
11523,1
11524,0
11525,1
11527,0
11528,0
11529,1
11530,1
11531,1
11532,0
11533,0
11534,0
11535,0
11536,0
11537,1
11538,1
11539,0
11540,1
11541,1
11542,0
11543,0
11544,0
11545,1
11546,1
11547,0
11548,0
11549,0
11550,0
11551,0
11552,0
11553,0
11554,0
11555,0
11556,0
11557,0
11558,0
11559,0
11560,1
11561,0
11562,0
11563,0
11564,0
11565,0
11566,0
11567,0
11568,0
11569,0
11570,0
11571,0
11573,0
11574,1
11575,1
11576,1
11577,1
11578,0
11579,0
11580,1
11581,0
11582,0
11583,1
11584,0
11585,0
11586,0
11587,0
11588,0
11589,1
11590,1
11591,1
11592,0
11593,0
11594,0
11595,0
11596,1
11597,0
11598,1
11599,0
11600,1
11601,0
11602,0
11603,1
11604,0
11605,1
11606,1
11607,1
11609,1
11610,0
11611,0
11612,1
11613,1
11614,0
11615,0
11616,0
11617,0
11618,0
11619,0
11620,0
11621,0
11622,1
11623,0
11624,0
11625,0
11626,1
11627,0
11628,0
11629,1
11631,0
11632,1
11633,1
11634,1
11635,0
11636,1
11637,1
11638,1
11639,1
11640,0
11641,1
11642,1
11643,1
11644,0
11645,1
11646,0
11647,1
11648,1
11649,0
11650,0
11651,1
11652,1
11653,0
11654,0
11655,1
11656,1
11657,1
11658,0
11659,1
11660,0
11661,0
11662,0
11663,1
11664,0
11665,0
11666,0
11667,1
11668,0
11669,1
11670,0
11671,0
11672,0
11673,1
11674,1
11675,1
11676,1
11677,0
11678,0
11679,1
11680,0
11682,1
11683,0
11684,1
11685,1
11686,1
11687,1
11688,1
11689,0
11690,0
11691,0
11692,1
11693,1
11694,0
11695,0
11696,1
11697,1
11698,0
11699,0
11700,0
11701,1
11702,1
11703,0
11704,0
11705,0
11706,0
11707,1
11708,0
11709,0
11710,1
11711,1
11712,1
11713,1
11714,0
11715,1
11716,0
11717,0
11718,1
11719,0
11720,1
11721,1
11722,1
11723,0
11724,0
