InstID,Year,ArticleN
1,1951,1
1,1955,1
1,1956,2
1,1957,1
1,1959,2
1,1960,2
1,1961,3
1,1963,1
1,1964,1
1,1965,3
1,1966,2
1,1967,4
1,1968,2
1,1969,6
1,1970,2
1,1971,2
1,1972,2
1,1973,6
1,1974,4
1,1975,3
1,1976,6
1,1977,4
1,1978,10
1,1979,4
1,1980,14
1,1981,10
1,1982,7
1,1983,11
1,1984,14
1,1985,18
1,1986,19
1,1987,16
1,1988,12
1,1989,14
1,1990,17
1,1991,13
1,1992,10
1,1993,27
1,1994,24
1,1995,9
1,1996,16
1,1997,21
1,1998,14
1,1999,20
1,2000,17
1,2001,16
1,2002,22
1,2003,22
1,2004,20
1,2005,15
1,2006,19
1,2007,26
1,2008,25
1,2009,20
1,2010,24
1,2011,25
1,2012,25
1,2013,24
1,2014,18
1,2015,20
1,2016,1
1,2017,2
1,2018,2
2,1950,1
2,1951,1
2,1955,1
2,1957,1
2,1958,1
2,1959,1
2,1960,1
2,1963,1
2,1964,1
2,1965,4
2,1967,2
2,1968,2
2,1969,2
2,1970,14
2,1971,3
2,1972,7
2,1973,7
2,1974,6
2,1975,3
2,1976,8
2,1977,12
2,1978,9
2,1979,12
2,1980,15
2,1981,4
2,1982,5
2,1983,10
2,1984,7
2,1985,9
2,1986,25
2,1987,22
2,1988,15
2,1989,13
2,1990,29
2,1991,19
2,1992,21
2,1993,20
2,1994,20
2,1995,17
2,1996,18
2,1997,22
2,1998,14
2,1999,26
2,2000,19
2,2001,15
2,2002,16
2,2003,25
2,2004,21
2,2005,33
2,2006,25
2,2007,32
2,2008,32
2,2009,24
2,2010,32
2,2011,33
2,2012,31
2,2013,29
2,2014,34
2,2015,28
2,2016,3
2,2017,2
2,2018,3
3,1950,1
3,1954,1
3,1957,1
3,1960,1
3,1961,1
3,1962,1
3,1963,2
3,1964,1
3,1965,5
3,1966,8
3,1967,6
3,1968,5
3,1969,4
3,1970,7
3,1971,9
3,1972,11
3,1973,10
3,1974,5
3,1975,6
3,1976,4
3,1977,14
3,1978,8
3,1979,13
3,1980,11
3,1981,6
3,1982,7
3,1983,14
3,1984,9
3,1985,13
3,1986,8
3,1987,11
3,1988,15
3,1989,13
3,1990,9
3,1991,19
3,1992,14
3,1993,15
3,1994,20
3,1995,17
3,1996,16
3,1997,15
3,1998,19
3,1999,12
3,2000,26
3,2001,17
3,2002,18
3,2003,20
3,2004,24
3,2005,19
3,2006,26
3,2007,22
3,2008,28
3,2009,15
3,2010,18
3,2011,24
3,2012,26
3,2013,24
3,2014,26
3,2015,30
3,2016,1
3,2017,4
3,2018,2
4,1958,1
4,1962,2
4,1965,1
4,1966,2
4,1967,1
4,1968,1
4,1969,3
4,1970,3
4,1971,1
4,1972,2
4,1973,3
4,1974,3
4,1975,1
4,1976,6
4,1977,6
4,1978,1
4,1979,4
4,1980,4
4,1981,14
4,1982,9
4,1983,9
4,1984,9
4,1985,8
4,1986,21
4,1987,15
4,1988,11
4,1989,13
4,1990,12
4,1991,21
4,1992,13
4,1993,13
4,1994,12
4,1995,9
4,1996,13
4,1997,5
4,1998,9
4,1999,13
4,2000,16
4,2001,12
4,2002,16
4,2003,15
4,2004,8
4,2005,15
4,2006,18
4,2007,11
4,2008,13
4,2009,7
4,2010,17
4,2011,13
4,2012,14
4,2013,16
4,2014,19
4,2015,20
4,2016,2
4,2017,3
4,2018,3
5,1951,2
5,1954,1
5,1956,3
5,1957,1
5,1958,4
5,1959,2
5,1960,3
5,1961,4
5,1962,2
5,1963,1
5,1964,3
5,1965,3
5,1966,2
5,1967,1
5,1968,5
5,1969,3
5,1970,6
5,1971,2
5,1972,3
5,1973,7
5,1974,7
5,1975,2
5,1976,7
5,1977,13
5,1978,10
5,1979,4
5,1980,12
5,1981,7
5,1982,8
5,1983,5
5,1984,11
5,1985,11
5,1986,17
5,1987,19
5,1988,17
5,1989,16
5,1990,15
5,1991,13
5,1992,11
5,1993,10
5,1994,18
5,1995,15
5,1996,12
5,1997,3
5,1998,7
5,1999,11
5,2000,11
5,2001,9
5,2002,14
5,2003,16
5,2004,9
5,2005,19
5,2006,16
5,2007,24
5,2008,17
5,2009,22
5,2010,21
5,2011,18
5,2012,32
5,2013,19
5,2014,25
5,2015,28
5,2016,2
5,2017,3
5,2018,3
6,1951,4
6,1954,2
6,1957,2
6,1958,1
6,1959,1
6,1960,2
6,1961,3
6,1962,2
6,1964,2
6,1965,2
6,1966,6
6,1967,5
6,1968,3
6,1969,5
6,1970,5
6,1971,2
6,1972,1
6,1973,3
6,1974,5
6,1975,3
6,1976,1
6,1977,5
6,1978,3
6,1979,6
6,1980,12
6,1981,11
6,1982,12
6,1983,7
6,1984,5
6,1985,10
6,1986,11
6,1987,9
6,1988,10
6,1989,8
6,1990,6
6,1991,16
6,1992,8
6,1993,6
6,1994,11
6,1995,8
6,1996,6
6,1997,5
6,1998,6
6,1999,8
6,2000,6
6,2001,10
6,2002,8
6,2003,12
6,2004,18
6,2005,10
6,2006,14
6,2007,7
6,2008,14
6,2009,17
6,2010,19
6,2011,12
6,2012,14
6,2013,14
6,2014,20
6,2015,13
6,2016,2
6,2017,4
6,2018,3
7,1999,1
7,2001,1
7,2008,1
7,2010,2
7,2011,1
7,2012,3
7,2013,1
7,2014,2
8,1955,1
8,1959,1
8,1960,2
8,1965,1
8,1966,1
8,1967,1
8,1968,5
8,1969,3
8,1970,1
8,1971,4
8,1972,5
8,1973,5
8,1974,3
8,1975,3
8,1976,1
8,1977,3
8,1978,1
8,1979,3
8,1980,2
8,1981,5
8,1982,6
8,1983,15
8,1984,8
8,1985,8
8,1986,14
8,1987,12
8,1988,11
8,1989,12
8,1990,14
8,1991,12
8,1992,8
8,1993,11
8,1994,14
8,1995,10
8,1996,13
8,1997,11
8,1998,7
8,1999,7
8,2000,7
8,2001,12
8,2002,13
8,2003,18
8,2004,19
8,2005,18
8,2006,11
8,2007,9
8,2008,10
8,2009,11
8,2010,13
8,2011,16
8,2012,18
8,2013,14
8,2014,14
8,2015,17
8,2016,2
8,2017,1
8,2018,8
9,1956,2
9,1963,1
9,1966,1
9,1967,4
9,1968,2
9,1969,3
9,1970,5
9,1971,1
9,1972,2
9,1973,3
9,1974,2
9,1975,5
9,1976,3
9,1977,5
9,1978,9
9,1979,7
9,1980,8
9,1981,8
9,1982,6
9,1983,7
9,1984,8
9,1985,5
9,1986,3
9,1987,5
9,1988,4
9,1989,3
9,1990,4
9,1991,11
9,1992,9
9,1993,5
9,1994,3
9,1995,3
9,1996,7
9,1997,6
9,1998,3
9,1999,8
9,2000,6
9,2001,6
9,2002,8
9,2003,4
9,2004,14
9,2005,8
9,2006,14
9,2007,13
9,2008,12
9,2009,16
9,2010,16
9,2011,14
9,2012,20
9,2013,15
9,2014,18
9,2015,15
9,2016,2
9,2017,2
9,2018,1
10,1951,1
10,1959,1
10,1962,1
10,1963,1
10,1967,1
10,1968,2
10,1969,1
10,1970,3
10,1971,4
10,1973,4
10,1974,3
10,1975,1
10,1976,3
10,1977,2
10,1978,4
10,1979,4
10,1980,4
10,1981,4
10,1982,1
10,1983,5
10,1984,8
10,1985,5
10,1986,3
10,1987,7
10,1988,4
10,1989,7
10,1990,8
10,1991,6
10,1992,8
10,1993,6
10,1994,6
10,1995,6
10,1996,3
10,1997,5
10,1998,2
10,1999,3
10,2000,5
10,2001,10
10,2002,8
10,2003,7
10,2004,8
10,2005,9
10,2006,15
10,2007,11
10,2008,7
10,2009,14
10,2010,12
10,2011,8
10,2012,12
10,2013,7
10,2014,15
10,2015,10
10,2016,2
10,2018,2
11,1960,1
11,1962,1
11,1964,1
11,1965,3
11,1966,7
11,1967,2
11,1968,2
11,1969,4
11,1970,3
11,1971,2
11,1972,4
11,1973,1
11,1974,2
11,1975,3
11,1976,3
11,1977,8
11,1978,3
11,1979,5
11,1980,10
11,1981,1
11,1982,6
11,1983,4
11,1984,7
11,1985,9
11,1986,13
11,1987,9
11,1988,10
11,1989,10
11,1990,12
11,1991,16
11,1992,3
11,1993,5
11,1994,3
11,1995,6
11,1996,7
11,1997,5
11,1998,7
11,1999,11
11,2000,7
11,2001,9
11,2002,16
11,2003,6
11,2004,13
11,2005,14
11,2006,20
11,2007,18
11,2008,20
11,2009,20
11,2010,16
11,2011,18
11,2012,20
11,2013,19
11,2014,13
11,2015,27
11,2016,3
11,2017,2
11,2018,3
12,1958,1
12,1961,2
12,1962,1
12,1963,1
12,1964,2
12,1965,3
12,1966,1
12,1968,1
12,1969,4
12,1970,2
12,1971,3
12,1972,5
12,1974,3
12,1976,6
12,1978,3
12,1979,2
12,1980,6
12,1981,2
12,1982,4
12,1983,2
12,1984,1
12,1985,5
12,1986,3
12,1987,6
12,1988,3
12,1989,6
12,1990,7
12,1991,1
12,1992,1
12,1993,6
12,1994,3
12,1995,4
12,1996,4
12,1997,4
12,1998,3
12,1999,3
12,2000,2
12,2001,10
12,2002,6
12,2003,10
12,2004,5
12,2005,5
12,2006,5
12,2007,3
12,2008,4
12,2009,5
12,2010,3
12,2011,5
12,2012,11
12,2013,7
12,2014,9
12,2015,7
12,2016,1
12,2018,4
13,1950,1
13,1957,2
13,1960,2
13,1964,1
13,1966,1
13,1967,1
13,1968,2
13,1970,2
13,1971,8
13,1972,3
13,1973,2
13,1974,3
13,1975,4
13,1976,4
13,1977,9
13,1978,5
13,1979,7
13,1980,6
13,1981,8
13,1982,11
13,1983,10
13,1984,6
13,1985,6
13,1986,8
13,1987,13
13,1988,16
13,1989,9
13,1990,17
13,1991,19
13,1992,15
13,1993,18
13,1994,12
13,1995,15
13,1996,14
13,1997,10
13,1998,5
13,1999,5
13,2000,7
13,2001,9
13,2002,9
13,2003,16
13,2004,13
13,2005,23
13,2006,12
13,2007,23
13,2008,17
13,2009,23
13,2010,11
13,2011,19
13,2012,27
13,2013,21
13,2014,18
13,2015,14
13,2016,4
13,2017,4
13,2018,5
14,1950,1
14,1951,2
14,1954,1
14,1964,1
14,1965,1
14,1967,1
14,1968,2
14,1969,3
14,1970,4
14,1971,3
14,1972,2
14,1973,1
14,1974,2
14,1975,1
14,1976,1
14,1978,2
14,1979,6
14,1980,3
14,1981,3
14,1982,3
14,1983,2
14,1984,5
14,1985,4
14,1986,6
14,1987,4
14,1988,7
14,1989,10
14,1990,2
14,1991,6
14,1992,8
14,1993,6
14,1994,5
14,1995,8
14,1996,4
14,1997,5
14,1998,6
14,1999,7
14,2000,5
14,2001,4
14,2002,3
14,2003,3
14,2004,8
14,2005,3
14,2006,8
14,2007,3
14,2008,6
14,2009,6
14,2010,4
14,2011,6
14,2012,11
14,2013,4
14,2014,15
14,2015,6
15,1959,2
15,1960,1
15,1963,2
15,1964,1
15,1965,2
15,1966,2
15,1968,1
15,1969,2
15,1971,4
15,1972,3
15,1973,4
15,1974,5
15,1975,2
15,1976,6
15,1977,4
15,1978,3
15,1979,4
15,1980,6
15,1981,4
15,1982,3
15,1983,6
15,1984,3
15,1985,3
15,1986,4
15,1987,6
15,1988,3
15,1989,2
15,1990,4
15,1991,10
15,1992,7
15,1993,8
15,1994,3
15,1995,4
15,1996,2
15,1997,7
15,1998,3
15,1999,5
15,2000,6
15,2001,2
15,2002,3
15,2003,3
15,2004,2
15,2005,2
15,2006,1
15,2007,5
15,2009,3
15,2010,1
15,2011,2
15,2012,7
15,2013,1
15,2014,3
15,2015,3
15,2016,1
16,1956,1
16,1968,1
16,1970,3
16,1973,1
16,1974,1
16,1975,2
16,1976,2
16,1977,2
16,1978,2
16,1979,3
16,1980,2
16,1981,4
16,1982,1
16,1983,2
16,1984,4
16,1985,2
16,1986,4
16,1987,7
16,1988,6
16,1989,6
16,1990,6
16,1991,3
16,1992,9
16,1993,4
16,1994,7
16,1995,6
16,1996,8
16,1997,4
16,1998,1
16,1999,4
16,2000,6
16,2001,14
16,2002,12
16,2003,15
16,2004,15
16,2005,11
16,2006,18
16,2007,14
16,2008,11
16,2009,13
16,2010,13
16,2011,23
16,2012,12
16,2013,16
16,2014,20
16,2015,24
16,2016,1
16,2017,1
16,2018,3
17,1951,1
17,1959,1
17,1966,1
17,1968,2
17,1969,2
17,1970,1
17,1971,2
17,1972,1
17,1973,1
17,1974,3
17,1975,2
17,1976,3
17,1979,1
17,1980,3
17,1981,1
17,1983,1
17,1985,2
17,1986,2
17,1987,2
17,1988,1
17,1989,2
17,1990,5
17,1991,1
17,1992,3
17,1993,1
17,1994,2
17,1995,2
17,1996,4
17,1997,2
17,1998,5
17,1999,2
17,2000,7
17,2001,5
17,2002,6
17,2003,4
17,2004,3
17,2005,6
17,2006,3
17,2007,3
17,2008,9
17,2009,3
17,2010,7
17,2011,8
17,2012,6
17,2013,6
17,2014,8
17,2015,5
17,2018,1
18,1967,1
18,1969,1
18,1970,2
18,1971,2
18,1973,2
18,1974,3
18,1976,1
18,1977,1
18,1978,1
18,1979,1
18,1980,1
18,1981,1
18,1983,2
18,1984,2
18,1985,3
18,1987,1
18,1988,2
18,1989,2
18,1990,2
18,1991,1
18,1992,3
18,1993,4
18,1994,2
18,1995,1
18,1996,2
18,1997,3
18,1998,1
18,1999,5
18,2000,3
18,2001,1
18,2002,5
18,2003,4
18,2004,7
18,2005,4
18,2006,6
18,2007,3
18,2008,6
18,2009,4
18,2010,5
18,2011,2
18,2012,6
18,2013,4
18,2014,2
18,2015,4
18,2016,1
18,2018,2
19,1959,1
19,1960,2
19,1962,1
19,1964,1
19,1967,1
19,1969,1
19,1970,1
19,1971,2
19,1972,1
19,1973,1
19,1974,2
19,1977,1
19,1978,5
19,1979,3
19,1980,3
19,1981,3
19,1982,1
19,1983,3
19,1984,4
19,1985,3
19,1986,3
19,1987,1
19,1988,4
19,1989,6
19,1990,2
19,1991,3
19,1992,4
19,1993,2
19,1994,4
19,1995,4
19,1996,4
19,1998,1
19,1999,7
19,2000,1
19,2001,2
19,2002,2
19,2003,4
19,2004,2
19,2005,4
19,2006,3
19,2007,4
19,2008,3
19,2009,1
19,2010,2
19,2011,2
19,2012,4
19,2013,5
19,2014,3
19,2015,4
19,2017,1
19,2018,1
20,1967,1
20,1971,1
20,1972,1
20,1973,2
20,1974,3
20,1975,1
20,1976,4
20,1977,1
20,1978,2
20,1979,4
20,1980,7
20,1981,3
20,1982,12
20,1983,5
20,1984,3
20,1985,2
20,1986,1
20,1987,7
20,1988,3
20,1989,5
20,1990,2
20,1991,7
20,1992,7
20,1993,4
20,1994,6
20,1995,7
20,1996,4
20,1997,2
20,1998,4
20,1999,1
20,2000,4
20,2001,4
20,2002,2
20,2003,5
20,2004,2
20,2005,6
20,2006,7
20,2007,5
20,2008,8
20,2009,12
20,2010,4
20,2011,11
20,2012,12
20,2013,6
20,2014,11
20,2015,8
20,2017,1
21,1951,1
21,1954,1
21,1955,2
21,1956,1
21,1957,1
21,1961,3
21,1964,1
21,1966,1
21,1967,2
21,1968,4
21,1969,3
21,1970,1
21,1971,4
21,1972,3
21,1973,1
21,1974,4
21,1976,1
21,1977,5
21,1978,2
21,1979,2
21,1980,5
21,1981,3
21,1982,6
21,1983,3
21,1984,6
21,1985,5
21,1986,2
21,1987,7
21,1988,9
21,1989,8
21,1990,2
21,1991,4
21,1992,6
21,1993,4
21,1994,2
21,1995,1
21,1996,6
21,1997,5
21,1998,3
21,1999,4
21,2000,3
21,2001,4
21,2002,1
21,2003,2
21,2004,5
21,2005,2
21,2006,2
21,2007,1
21,2008,1
21,2009,2
21,2010,4
21,2011,3
21,2012,4
21,2013,2
21,2014,3
21,2015,9
21,2016,1
21,2018,1
22,1950,1
22,1955,1
22,1966,1
22,1968,3
22,1969,1
22,1970,1
22,1972,1
22,1973,1
22,1974,1
22,1977,1
22,1978,1
22,1982,2
22,1983,2
22,1985,1
22,1987,1
22,1989,1
22,1990,1
22,1993,2
22,1994,1
22,1995,2
22,1996,2
22,1997,1
22,1998,3
22,1999,1
22,2000,1
22,2001,2
22,2002,3
22,2003,1
22,2004,2
22,2005,1
22,2007,1
22,2008,1
22,2009,3
22,2010,1
22,2011,3
22,2013,7
22,2014,3
22,2015,3
22,2016,2
22,2018,2
23,1973,1
23,1975,2
23,1978,1
23,1979,2
23,1980,3
23,1981,4
23,1982,6
23,1983,2
23,1984,1
23,1985,3
23,1986,3
23,1987,3
23,1988,4
23,1989,2
23,1990,2
23,1991,1
23,1992,2
23,1994,3
23,1995,2
23,1996,1
23,1997,5
23,1998,3
23,1999,2
23,2000,1
23,2001,2
23,2002,3
23,2003,1
23,2004,4
23,2005,5
23,2006,4
23,2007,5
23,2008,1
23,2009,3
23,2010,7
23,2011,7
23,2012,9
23,2013,3
23,2014,7
23,2015,8
23,2018,1
24,1954,1
24,1955,1
24,1957,1
24,1962,1
24,1969,1
24,1972,2
24,1975,1
24,1976,1
24,1979,1
24,1980,1
24,1981,3
24,1982,2
24,1983,1
24,1984,2
24,1985,3
24,1986,3
24,1987,3
24,1988,3
24,1989,2
24,1990,4
24,1991,3
24,1992,4
24,1993,3
24,1994,3
24,1995,2
24,1996,3
24,1997,1
24,1998,1
24,1999,2
24,2000,2
24,2001,4
24,2002,4
24,2003,5
24,2004,1
24,2005,4
24,2006,2
24,2007,5
24,2008,6
24,2009,8
24,2010,8
24,2011,12
24,2012,10
24,2013,10
24,2014,12
24,2015,4
24,2016,1
24,2017,1
24,2018,4
25,1950,1
25,1966,1
25,1971,2
25,1972,3
25,1975,3
25,1976,4
25,1977,4
25,1978,1
25,1979,3
25,1980,3
25,1981,1
25,1982,5
25,1983,3
25,1984,3
25,1985,3
25,1986,3
25,1987,3
25,1988,3
25,1989,3
25,1990,3
25,1991,1
25,1992,4
25,1993,3
25,1995,2
25,1996,1
25,1997,3
25,1998,1
25,1999,3
25,2000,1
25,2001,1
25,2002,2
25,2003,2
25,2005,3
25,2006,3
25,2008,1
25,2009,1
25,2010,3
25,2011,2
25,2012,3
25,2015,2
25,2017,1
26,1957,1
26,1963,1
26,1964,1
26,1965,3
26,1966,1
26,1967,1
26,1968,2
26,1969,1
26,1970,2
26,1971,6
26,1972,1
26,1973,1
26,1974,1
26,1976,2
26,1977,1
26,1978,3
26,1979,4
26,1980,1
26,1981,3
26,1984,1
26,1985,4
26,1987,3
26,1988,1
26,1989,1
26,1990,4
26,1991,3
26,1992,1
26,1993,2
26,1996,4
26,1997,1
26,1998,1
26,1999,2
26,2001,1
26,2002,1
26,2010,1
26,2013,2
26,2014,4
26,2015,2
26,2018,1
27,1960,2
27,1963,3
27,1965,1
27,1966,5
27,1967,2
27,1969,1
27,1970,1
27,1971,2
27,1972,2
27,1974,1
27,1975,1
27,1976,1
27,1977,1
27,1980,3
27,1981,2
27,1982,1
27,1985,5
27,1986,1
27,1987,3
27,1988,5
27,1989,1
27,1990,3
27,1991,3
27,1993,1
27,1994,2
27,1996,2
27,1997,1
27,1998,1
27,1999,4
27,2001,1
27,2003,1
27,2006,1
27,2007,1
27,2011,1
27,2012,1
27,2015,1
28,1971,1
28,1973,1
28,1976,2
28,1977,3
28,1978,2
28,1979,2
28,1980,2
28,1981,1
28,1982,1
28,1984,1
28,1985,2
28,1986,1
28,1987,4
28,1988,1
28,1989,2
28,1990,1
28,1992,1
28,1993,2
28,1994,1
28,1999,1
28,2000,1
28,2001,2
28,2002,1
28,2005,1
28,2013,1
29,1955,1
29,1956,1
29,1957,1
29,1964,1
29,1966,2
29,1967,1
29,1968,1
29,1970,1
29,1971,1
29,1976,5
29,1977,4
29,1978,4
29,1979,2
29,1980,5
29,1981,2
29,1982,3
29,1983,3
29,1984,1
29,1986,1
29,1987,2
29,1988,3
29,1990,3
29,1991,2
29,1992,1
29,1993,3
29,1994,3
29,1995,1
29,1997,1
29,1999,1
29,2000,3
29,2001,2
29,2002,7
29,2004,1
29,2005,4
29,2006,2
29,2007,5
29,2008,1
29,2009,1
29,2011,1
29,2014,3
29,2015,3
29,2016,1
30,1961,1
30,1969,1
30,1970,1
30,1971,2
30,1972,2
30,1973,1
30,1974,1
30,1975,1
30,1976,3
30,1979,1
30,1980,2
30,1987,2
30,1988,1
30,1990,3
30,1991,1
30,1993,3
30,1994,1
30,1998,3
30,1999,1
30,2000,1
30,2001,1
30,2002,1
30,2003,1
30,2004,1
30,2008,1
30,2011,4
30,2012,2
30,2014,1
30,2015,1
31,1970,1
31,1973,1
31,1975,1
31,1977,2
31,1979,1
31,1980,1
31,1981,4
31,1982,1
31,1983,1
31,1984,3
31,1985,1
31,1986,2
31,1987,1
31,1988,1
31,1989,2
31,1990,1
31,1991,1
31,1992,3
31,1994,1
31,1995,4
31,1996,3
31,1997,4
31,1998,1
31,1999,1
31,2000,2
31,2001,1
31,2002,1
31,2003,5
31,2004,5
31,2005,3
31,2006,1
31,2007,3
31,2008,6
31,2009,5
31,2011,2
31,2012,3
31,2013,1
31,2014,4
31,2015,3
31,2017,1
31,2018,1
32,1968,1
32,1973,1
32,1974,1
32,1976,3
32,1980,1
32,1981,3
32,1983,1
32,1985,2
32,1987,3
32,1993,1
32,1995,3
32,1997,1
32,1998,2
32,1999,2
32,2000,3
32,2001,2
32,2002,1
32,2003,1
32,2004,5
32,2005,3
32,2006,3
32,2007,2
32,2008,2
32,2009,3
32,2010,2
32,2011,1
32,2012,5
32,2013,2
32,2014,4
32,2015,4
32,2016,2
33,1968,1
33,1971,1
33,1972,2
33,1973,2
33,1974,3
33,1975,2
33,1976,1
33,1977,3
33,1978,1
33,1980,1
33,1981,3
33,1982,1
33,1983,1
33,1985,2
33,1987,3
33,1988,2
33,1989,2
33,1990,2
33,1991,2
33,1992,3
33,1993,4
33,1994,1
33,1995,4
33,1997,1
33,1999,2
33,2001,1
33,2004,1
33,2009,1
33,2010,1
33,2015,1
34,1956,1
34,1957,1
34,1965,3
34,1967,1
34,1968,1
34,1969,3
34,1970,1
34,1971,1
34,1972,1
34,1973,1
34,1976,1
34,1977,1
34,1978,1
34,1980,3
34,1983,2
34,1987,1
34,1989,1
34,1991,1
34,1992,1
34,1995,1
34,1997,1
34,2001,3
34,2002,1
34,2004,2
34,2005,2
34,2007,1
34,2009,1
34,2011,2
34,2013,1
34,2014,3
35,1965,1
35,1968,1
35,1973,1
35,1980,1
35,1983,1
35,1985,1
35,1986,1
35,1987,3
35,1988,1
35,1991,2
35,1992,1
35,1995,1
35,1996,1
35,1999,1
35,2000,1
35,2002,1
35,2005,2
35,2006,2
35,2009,1
35,2010,1
35,2011,1
35,2013,1
35,2014,3
35,2015,1
36,1968,1
36,1969,1
36,1970,1
36,1973,1
36,1976,1
36,1978,2
36,1979,1
36,1980,2
36,1981,2
36,1982,1
36,1985,3
36,1986,2
36,1987,2
36,1988,4
36,1989,2
36,1990,1
36,1991,3
36,1992,1
36,1993,1
36,1994,5
36,1995,3
36,1996,1
36,1997,1
36,1999,4
36,2001,2
36,2002,3
36,2003,2
36,2004,1
36,2005,3
36,2006,3
36,2007,1
36,2008,1
36,2009,2
36,2010,3
36,2013,2
36,2014,2
36,2015,3
37,1954,1
37,1956,1
37,1958,1
37,1960,2
37,1961,1
37,1964,1
37,1966,2
37,1967,2
37,1968,2
37,1969,3
37,1975,1
37,1976,1
37,1977,2
37,1981,1
37,1983,1
37,1986,1
37,1988,1
37,1990,2
37,1991,1
37,1994,1
37,2001,1
37,2004,1
37,2005,1
37,2008,1
37,2009,3
37,2010,1
37,2015,1
37,2017,1
38,1976,1
38,1978,2
38,1979,2
38,1980,1
38,1981,1
38,1982,3
38,1984,3
38,1985,2
38,1987,1
38,1988,2
38,1989,2
38,1990,3
38,1991,7
38,1992,8
38,1993,10
38,1994,8
38,1995,4
38,1996,4
38,1997,4
38,1998,3
38,1999,3
38,2000,5
38,2001,7
38,2002,3
38,2003,5
38,2004,7
38,2006,3
38,2007,5
38,2008,3
38,2009,1
38,2010,3
38,2011,8
38,2012,11
38,2013,6
38,2014,7
38,2015,7
38,2016,1
38,2017,1
38,2018,1
39,1969,2
39,1972,2
39,1973,1
39,1975,1
39,1981,1
39,1994,1
39,1996,1
39,2000,1
39,2004,1
39,2008,1
39,2011,1
39,2013,1
40,1964,1
40,1965,1
40,1967,2
40,1968,2
40,1972,3
40,1973,1
40,1974,3
40,1976,5
40,1977,3
40,1978,1
40,1979,1
40,1980,4
40,1981,1
40,1982,1
40,1984,1
40,1985,3
40,1986,3
40,1987,4
40,1988,4
40,1990,1
40,1991,2
40,1992,1
40,1993,2
40,1994,2
40,1995,2
40,1996,3
40,1997,2
40,1998,3
40,1999,3
40,2000,4
40,2001,3
40,2002,1
40,2003,2
40,2004,4
40,2005,6
40,2006,1
40,2007,3
40,2009,1
40,2010,2
40,2012,2
40,2013,2
40,2014,3
40,2016,1
41,1969,2
41,1970,1
41,1971,1
41,1972,2
41,1975,1
41,1976,2
41,1977,1
41,1978,1
41,1979,1
41,1980,4
41,1981,5
41,1983,1
41,1984,2
41,1985,2
41,1986,1
41,1987,2
41,1989,4
41,1990,4
41,1992,1
41,1993,1
41,2001,1
41,2002,1
41,2005,1
41,2015,1
42,1968,2
42,1970,1
42,1972,2
42,1973,1
42,1976,1
42,1977,1
42,1979,2
42,1980,2
42,1981,2
42,1982,3
42,1983,1
42,1984,2
42,1985,1
42,1986,1
42,1987,2
42,1988,2
42,1989,2
42,1990,2
42,1991,2
42,1994,2
42,1995,2
42,1997,2
42,1998,1
42,1999,1
42,2000,1
42,2001,1
42,2002,2
42,2004,1
42,2006,6
42,2007,2
42,2009,4
42,2011,5
42,2012,3
42,2013,3
42,2014,2
42,2015,1
42,2018,1
43,1969,1
43,1972,1
43,1973,1
43,1975,1
43,1976,1
43,1980,4
43,1982,2
43,1983,3
43,1985,2
43,1987,1
43,1988,2
43,1990,2
43,1991,3
43,1992,1
43,1993,1
43,1996,1
43,1997,3
43,1998,1
43,1999,2
43,2000,1
43,2001,1
43,2002,1
43,2003,1
43,2004,1
43,2005,1
43,2006,1
43,2007,1
43,2009,1
43,2012,1
43,2014,1
44,1977,4
44,1978,1
44,1980,2
44,1982,1
44,1984,2
44,1985,1
44,1986,2
44,1987,1
44,1988,1
44,1989,3
44,1990,1
44,1991,2
44,1992,4
44,1993,4
44,1994,3
44,1995,2
44,1996,3
44,1997,2
44,1998,2
44,1999,4
44,2000,2
44,2001,3
44,2002,4
44,2003,6
44,2004,2
44,2005,2
44,2006,3
44,2007,3
44,2008,1
44,2009,4
44,2010,2
44,2011,6
44,2012,3
44,2013,2
44,2014,1
44,2015,5
44,2017,1
45,1968,1
45,1971,1
45,1975,1
45,1978,1
45,1981,2
45,1982,2
45,1983,1
45,1984,1
45,1986,2
45,1987,1
45,1988,5
45,1989,2
45,1990,5
45,1991,5
45,1992,4
45,1993,2
45,1994,2
45,1995,3
45,1996,3
45,1997,2
45,1998,1
45,1999,2
45,2000,2
45,2001,1
45,2003,2
45,2004,1
45,2005,1
45,2006,3
45,2009,2
45,2014,1
45,2015,2
46,1970,2
46,1974,1
46,1977,1
46,1978,1
46,1982,1
46,1984,2
46,1985,2
46,1986,1
46,1987,1
46,1988,3
46,1989,2
46,1991,6
46,1992,2
46,1993,1
46,1994,2
46,1995,1
46,1996,2
46,1997,4
46,1998,3
46,1999,3
46,2001,1
46,2003,1
46,2004,1
46,2005,1
46,2006,1
46,2007,3
46,2009,1
46,2011,1
46,2012,2
46,2013,2
46,2014,4
46,2017,1
47,1972,1
47,1973,1
47,1976,1
47,2004,1
47,2008,2
47,2010,1
47,2015,1
48,1970,1
48,1971,1
48,1973,2
48,1974,1
48,1976,2
48,1977,3
48,1978,3
48,1979,1
48,1980,2
48,1983,2
48,1987,1
48,1989,1
48,1990,1
48,1991,3
48,1993,3
48,1994,2
48,1995,1
48,1996,3
48,1997,4
48,1999,1
48,2000,3
48,2001,4
48,2002,1
48,2003,1
48,2004,2
48,2005,3
48,2007,2
48,2008,2
48,2009,4
48,2010,1
48,2011,8
48,2012,1
48,2013,1
48,2014,3
48,2015,1
48,2017,1
48,2018,1
49,1965,1
49,1972,2
49,1974,1
49,1978,1
49,1981,1
49,1983,1
49,1984,2
49,1985,1
49,1986,1
49,1987,6
49,1988,4
49,1990,1
49,1991,3
49,1992,1
49,1993,2
49,1994,1
49,1995,1
49,1996,1
49,1999,1
49,2001,2
49,2002,2
49,2007,1
49,2010,4
49,2011,2
49,2012,1
49,2013,1
49,2014,2
50,1963,1
50,1964,1
50,1967,1
50,1969,1
50,1972,2
50,1973,1
50,1975,1
50,1980,2
50,1981,2
50,1983,1
50,1984,2
50,1986,1
50,1987,3
50,1989,1
50,1991,1
50,1992,1
50,1993,3
50,1995,1
50,2009,2
50,2012,1
50,2013,1
51,1964,1
51,1967,1
51,1971,1
51,1972,1
51,1978,1
51,1981,1
51,1982,2
51,1984,1
51,1986,3
51,1990,1
51,1992,1
51,1993,2
51,1996,2
51,1997,2
51,1999,3
51,2001,3
51,2002,1
51,2003,1
51,2004,5
51,2005,1
51,2006,1
51,2007,5
51,2008,2
51,2009,1
51,2010,5
51,2011,2
51,2012,3
51,2013,3
51,2014,5
51,2015,3
51,2017,1
52,1969,1
52,1980,1
52,1983,2
52,1985,1
52,1986,2
52,1989,1
52,1990,2
52,1992,1
52,1994,1
52,1997,1
52,1998,3
52,1999,1
52,2000,1
52,2001,3
52,2002,1
52,2003,1
52,2004,2
52,2005,3
52,2006,2
52,2007,2
52,2009,1
52,2010,2
52,2011,4
52,2012,2
52,2013,6
52,2014,2
52,2016,1
53,1971,1
53,1983,1
53,1999,1
53,2002,2
53,2003,1
53,2004,1
53,2005,1
53,2006,2
53,2009,1
53,2011,2
54,1968,1
54,1984,1
54,1986,1
54,1989,1
54,1992,1
54,2002,1
54,2004,2
54,2008,1
54,2011,1
54,2013,1
55,1971,1
55,1972,2
55,1974,1
55,1976,1
55,1978,1
55,1981,2
55,1983,2
55,1985,1
55,1986,1
55,1987,3
55,1988,4
55,1989,1
55,1991,1
55,1992,2
55,1993,2
55,1994,2
55,1996,2
55,1999,1
55,2000,1
55,2001,2
55,2006,2
55,2009,1
55,2012,1
55,2013,1
55,2015,1
55,2018,1
56,1965,1
56,1968,1
56,1969,1
56,1970,2
56,1973,1
56,1974,1
56,1977,1
56,1978,1
56,1984,1
56,1986,3
56,1987,1
56,1989,2
56,1990,1
56,1995,1
56,2000,1
56,2001,1
56,2003,1
56,2010,1
56,2013,3
56,2014,1
56,2015,1
56,2017,1
56,2018,1
57,1965,1
57,1969,1
57,1970,1
57,1971,1
57,1974,1
57,1976,1
57,1978,1
57,1979,1
57,1984,3
57,1999,3
57,2002,1
57,2005,1
57,2008,1
57,2010,2
57,2011,1
57,2015,1
58,1985,1
58,2004,1
58,2007,1
58,2008,1
58,2009,1
58,2011,1
58,2015,1
59,1968,1
59,1969,1
59,1970,1
59,1973,2
59,1975,1
59,1976,1
59,1977,1
59,1978,1
59,1979,1
59,1980,1
59,1982,1
59,1983,2
59,1985,1
59,1988,1
59,1989,1
59,1990,1
59,1991,1
59,1992,2
59,1993,1
59,1995,2
59,1996,2
59,1997,2
59,1999,1
59,2000,1
59,2001,2
59,2002,3
59,2003,2
59,2004,1
59,2005,2
59,2006,1
59,2007,3
59,2008,2
59,2009,3
59,2010,2
59,2011,1
59,2012,3
59,2013,7
59,2015,4
60,1977,1
60,1978,1
60,1980,1
60,1984,1
60,1995,1
60,2008,1
60,2011,1
61,1982,1
61,1994,1
61,1998,1
61,2001,2
61,2005,2
61,2008,2
61,2010,1
61,2011,2
61,2012,3
61,2015,1
61,2016,1
62,1969,1
62,1970,1
62,1971,2
62,1978,1
62,1983,1
62,1985,1
62,1992,2
62,1994,1
62,1995,1
62,1997,2
62,2001,1
62,2006,1
62,2007,2
62,2008,3
62,2009,2
62,2013,1
62,2014,3
63,1981,2
64,1967,1
64,2009,1
64,2010,1
64,2011,1
64,2012,1
64,2013,1
65,1962,1
65,1971,1
65,1974,1
65,1975,1
65,1983,1
65,1986,1
65,1993,2
65,1994,1
65,1999,1
65,2002,3
65,2003,2
65,2004,3
65,2008,1
65,2014,1
66,1962,1
66,1965,1
66,1967,1
66,1968,1
66,1970,1
66,1971,2
66,1972,1
66,1973,2
66,1978,1
66,1980,2
66,1981,1
66,1982,1
66,1984,1
66,1987,1
66,1989,1
66,1990,1
66,1994,1
66,2004,1
66,2006,2
66,2008,2
66,2011,2
67,1971,1
67,1977,2
67,1978,1
67,1983,1
67,1984,1
67,1985,2
67,1988,3
67,1989,1
67,1991,1
67,1994,2
67,1995,1
67,1996,1
67,1998,2
67,1999,1
67,2002,1
67,2004,1
67,2005,2
67,2006,1
67,2007,1
67,2008,1
67,2009,4
67,2010,2
67,2011,5
67,2012,2
67,2013,1
67,2015,1
68,1973,1
68,1986,1
68,1995,1
68,1997,2
68,1999,1
68,2000,2
68,2001,2
68,2002,1
68,2003,1
68,2005,3
68,2006,2
68,2008,4
68,2009,2
68,2010,4
68,2011,2
68,2012,3
68,2013,6
68,2014,4
68,2015,6
68,2018,1
69,1999,1
69,2002,1
70,2007,1
70,2008,1
70,2011,1
70,2015,1
71,1986,1
72,1966,1
72,1971,2
72,1973,1
72,1974,1
72,1975,1
72,1978,1
72,1990,1
72,2001,2
72,2006,1
72,2010,1
73,1976,1
73,1982,1
73,1985,1
73,1988,1
73,1993,1
73,1999,1
73,2002,1
73,2003,1
73,2006,1
73,2009,1
73,2015,1
73,2016,1
74,2002,1
74,2010,1
75,1965,1
75,1973,1
75,1977,2
75,1982,1
75,1989,1
75,1994,1
75,1998,1
75,2005,2
75,2008,1
76,1972,1
76,1974,2
76,1975,1
76,1982,1
76,1984,1
76,1991,1
76,1994,1
76,1995,1
76,1997,1
76,1998,1
76,2003,1
76,2005,2
76,2007,1
76,2008,2
76,2009,1
76,2010,1
76,2012,1
77,2012,1
78,1989,1
78,1996,1
78,1997,1
78,1999,1
78,2001,1
78,2004,1
78,2007,2
78,2009,1
78,2010,2
78,2013,1
78,2015,1
78,2018,1
79,1969,1
79,1974,2
79,1976,2
79,1977,2
79,1979,1
79,1980,1
79,1981,1
79,1985,2
79,1987,2
79,1988,2
79,1990,1
79,1991,1
79,1994,1
79,1999,1
79,2000,1
79,2002,1
79,2003,1
79,2004,1
79,2005,1
79,2009,1
80,2002,1
81,1976,1
81,1980,1
81,1982,1
81,1991,1
81,1992,1
81,2000,1
81,2002,1
81,2005,1
81,2011,1
82,1984,1
82,1985,1
82,1986,1
82,1987,2
82,1989,1
82,1991,1
82,1992,2
82,1994,1
82,1996,1
82,1998,1
82,1999,1
82,2009,2
83,1971,1
83,1972,1
83,1977,1
83,1979,2
83,1980,1
83,1984,1
83,1985,1
83,1989,1
83,1992,1
83,1993,1
83,1999,1
83,2000,1
83,2003,1
83,2007,1
83,2010,1
83,2011,1
83,2012,1
83,2013,1
83,2015,1
84,1998,1
84,2009,1
84,2014,1
85,1970,1
85,1977,1
85,1988,1
85,1993,1
85,2002,1
85,2006,1
85,2007,1
85,2010,1
85,2015,2
86,1950,1
86,1966,1
86,1968,1
86,1973,1
86,1985,1
86,1987,1
86,1990,1
86,1997,2
86,1998,1
86,1999,1
86,2002,1
86,2003,1
86,2004,1
86,2006,1
86,2008,1
86,2010,1
86,2011,1
86,2015,1
87,1982,1
87,1984,1
87,1988,2
87,1990,4
87,1994,1
87,2001,2
87,2002,1
87,2008,1
88,1974,1
88,1996,2
88,2000,1
88,2002,2
88,2004,1
88,2009,1
89,2010,1
89,2014,1
90,1974,1
90,1992,1
90,1996,1
90,1997,1
91,1981,1
91,1990,1
91,1991,1
92,1970,1
92,1971,1
92,1978,1
92,1980,1
92,1985,1
92,2005,1
92,2013,3
92,2015,1
93,2006,1
93,2007,1
94,1974,1
94,1978,1
94,1994,1
94,1996,1
94,2000,1
94,2004,1
94,2010,1
94,2013,1
94,2015,2
95,1972,1
95,1980,1
95,1988,1
95,1990,1
95,2006,1
95,2008,1
95,2010,1
95,2014,1
96,2005,1
97,1965,1
97,1967,1
97,1969,1
97,1971,1
97,1972,2
97,1973,1
97,1975,1
97,1977,1
97,1980,1
97,1986,1
97,1987,1
97,1988,1
97,1991,1
97,1995,1
97,2007,1
98,1995,1
98,1999,1
98,2006,1
98,2010,1
99,1966,1
99,1972,1
99,1980,1
99,1993,1
99,1995,1
99,1997,1
100,1965,1
100,1992,1
100,2010,1
100,2013,1
101,1954,1
101,1958,1
101,1959,1
101,1960,3
101,1963,3
101,1964,1
101,1965,1
101,1966,3
101,1968,1
101,1970,2
101,1971,2
101,1972,2
101,1973,3
101,1975,4
101,1976,2
101,1977,5
101,1978,3
101,1979,5
101,1980,10
101,1981,2
101,1982,7
101,1983,6
101,1984,8
101,1985,1
101,1986,2
101,1987,1
101,1988,2
101,1989,3
101,1990,9
101,1991,3
101,1992,4
101,1993,7
101,1994,4
101,1995,3
101,1996,3
101,1997,10
101,1998,3
101,1999,2
101,2000,5
101,2001,3
101,2002,6
101,2003,8
101,2004,3
101,2005,6
101,2006,5
101,2007,6
101,2008,2
101,2009,5
101,2010,3
101,2011,5
101,2012,4
101,2013,5
101,2014,5
101,2015,3
102,1965,1
102,1972,1
102,1989,1
102,1999,1
102,2002,1
102,2005,1
102,2010,1
102,2013,1
102,2015,2
102,2016,1
103,1966,1
103,1967,1
103,1970,1
103,1972,1
103,1974,2
103,1975,1
103,1976,2
103,1977,2
103,1978,2
103,1979,1
103,1980,1
103,1984,2
103,1988,2
103,1989,1
103,1994,1
103,2005,1
103,2007,1
103,2010,1
103,2011,1
104,1958,1
104,2010,1
104,2011,1
104,2012,1
105,1969,1
105,1986,3
105,1987,2
105,1991,2
105,1992,1
105,1993,1
105,1994,1
105,1995,1
105,1996,1
105,1997,1
105,2003,1
105,2004,1
105,2005,1
105,2009,3
105,2011,3
105,2012,2
105,2013,3
105,2014,3
106,1973,1
106,1985,1
106,1989,1
106,1990,1
106,1991,1
106,1995,1
106,1996,1
106,1997,1
106,2005,1
106,2006,1
106,2008,3
106,2009,2
106,2010,1
106,2011,2
106,2012,1
106,2013,1
106,2014,2
107,1971,1
107,1978,1
107,1986,1
107,1990,2
107,1992,1
107,1996,1
107,2003,2
107,2005,1
107,2013,3
107,2014,1
107,2018,1
108,2008,2
108,2013,1
108,2014,3
109,1993,1
109,1997,1
109,2003,1
109,2011,1
109,2012,2
110,1987,1
111,2013,1
112,2003,1
112,2010,1
112,2014,1
113,2008,1
113,2014,1
114,1964,1
114,1965,1
114,1968,1
114,1972,1
114,1976,1
114,1979,1
114,1980,1
114,1981,2
114,1982,2
114,1983,2
114,1984,2
114,1985,1
114,1987,1
114,1988,1
114,1989,1
114,1990,5
114,1991,1
114,1992,1
114,1993,2
114,1999,2
114,2000,1
114,2001,2
114,2002,3
114,2003,2
114,2004,1
114,2005,1
114,2006,1
114,2008,1
114,2010,1
114,2011,1
114,2012,1
114,2016,1
115,1973,1
115,1981,3
115,1985,2
115,1992,1
115,1999,1
115,2009,1
115,2011,2
116,2009,1
116,2014,1
117,1987,1
117,1990,1
117,1994,1
117,2009,1
117,2010,1
118,2013,2
119,2000,1
120,2010,1
121,1968,1
121,1970,1
121,1971,1
121,1972,1
121,1990,1
121,1997,2
121,2001,1
121,2011,1
121,2014,1
121,2015,1
122,1965,1
122,1970,1
122,1975,1
122,1979,1
122,1980,2
122,1984,1
122,1988,1
122,1991,2
122,1993,1
122,1998,1
122,1999,1
122,2004,1
122,2011,1
123,2001,1
123,2007,1
124,1983,1
125,1982,1
125,1997,1
126,1968,1
126,1980,1
126,1988,1
126,1994,1
126,2010,1
127,1988,1
127,1995,1
128,1991,1
128,1992,1
128,1997,1
128,2001,1
128,2006,1
128,2010,1
128,2014,1
129,1995,2
130,1968,1
130,1970,1
130,1971,3
130,1972,2
130,1973,2
130,1975,1
130,1976,1
130,1977,1
130,1979,1
130,1980,1
130,1981,1
130,1984,1
130,1985,1
130,1988,1
130,1990,2
130,1991,2
130,1993,2
130,1994,1
130,1999,1
130,2004,1
131,1990,1
132,1989,1
132,1990,1
132,1993,1
133,1956,1
133,1978,1
133,1980,1
133,1983,1
133,1992,1
133,2004,1
133,2006,1
133,2009,1
134,1976,1
134,1987,1
134,1996,1
134,1999,1
134,2004,1
134,2012,1
135,2008,1
136,1970,1
136,1973,1
136,1974,1
136,1976,1
136,1978,1
136,1980,2
136,1984,1
136,2002,1
136,2009,1
136,2011,1
136,2015,1
137,1980,1
138,1970,1
138,1971,1
138,1974,1
138,1977,2
138,1978,1
138,1980,1
138,1984,2
138,1993,1
138,2002,1
138,2004,1
138,2014,1
140,1982,1
140,1983,1
140,1984,2
140,1990,1
140,1991,1
140,1994,1
140,1998,1
140,2003,1
140,2008,1
140,2010,1
140,2011,1
141,1991,1
141,2005,1
142,1981,1
143,2013,2
143,2018,1
144,1977,2
144,1980,1
144,1983,1
144,1989,1
144,2009,1
145,2009,1
146,2008,1
147,1982,1
147,2005,1
148,1998,1
149,1981,1
150,1999,1
150,2010,2
151,2004,1
152,2003,1
153,1999,1
154,2000,1
155,2002,1
156,1971,2
156,1998,1
157,1975,1
157,1994,1
157,1999,1
158,1962,1
158,1963,1
158,1966,1
158,1974,1
158,1985,1
158,1999,1
159,1987,1
159,2001,1
160,1971,1
160,1984,1
160,1991,1
160,1992,2
160,1994,1
160,1995,1
160,2004,1
160,2008,1
161,1985,1
161,1994,1
161,2007,1
161,2009,1
162,2002,1
163,2000,1
163,2002,1
163,2004,1
163,2011,1
164,1968,1
164,1971,1
164,2011,1
165,2013,1
166,1984,1
166,2009,1
167,1992,1
168,1976,1
168,1980,1
168,1983,1
168,1996,1
168,2007,1
168,2010,1
169,1960,1
169,1965,2
169,1966,3
169,1968,2
169,1969,1
169,1970,4
169,1971,4
169,1972,4
169,1974,7
169,1975,2
169,1976,10
169,1977,11
169,1978,6
169,1979,7
169,1980,14
169,1981,8
169,1982,10
169,1983,15
169,1984,3
169,1985,7
169,1986,4
169,1987,7
169,1988,8
169,1989,5
169,1990,5
169,1991,5
169,1992,6
169,1993,3
169,1994,6
169,1995,7
169,1996,2
169,1997,3
169,1998,9
169,1999,7
169,2000,10
169,2001,3
169,2002,8
169,2003,10
169,2004,5
169,2005,12
169,2006,10
169,2007,17
169,2008,8
169,2009,12
169,2010,13
169,2011,7
169,2012,18
169,2013,15
169,2014,14
169,2015,16
169,2016,2
169,2017,3
169,2018,4
170,1978,1
170,1979,1
170,1980,1
170,1983,1
170,1986,1
170,1989,1
170,1991,1
170,1992,2
170,1993,1
170,1994,2
170,1996,3
170,1997,3
170,1998,5
170,1999,5
170,2000,5
170,2001,7
170,2002,8
170,2003,6
170,2004,5
170,2005,6
170,2006,3
170,2007,11
170,2008,7
170,2009,6
170,2010,12
170,2011,8
170,2012,7
170,2013,8
170,2014,11
170,2015,7
170,2016,1
170,2017,2
171,1976,2
171,1980,2
171,1981,2
171,1987,2
171,1988,1
171,1991,2
171,1993,1
171,1996,1
171,1998,2
171,2000,1
171,2002,1
171,2003,1
171,2006,3
171,2007,1
171,2008,3
171,2009,4
171,2010,1
171,2011,3
171,2012,2
171,2013,3
171,2014,5
171,2016,1
171,2018,1
172,1987,1
172,1991,1
172,1997,1
172,2000,1
172,2001,1
172,2002,1
172,2003,3
172,2005,3
172,2006,1
172,2007,1
172,2008,1
172,2009,2
172,2010,2
172,2011,4
172,2012,1
172,2013,1
172,2014,2
172,2015,2
172,2017,2
172,2018,1
173,1966,1
173,1969,1
173,1970,1
173,1972,1
173,1974,2
173,1976,3
173,1977,3
173,1978,3
173,1979,4
173,1980,1
173,1981,1
173,1982,1
173,1983,3
173,1984,2
173,1985,1
173,1987,1
173,1990,1
173,1991,1
173,1992,1
173,1993,1
173,1996,1
173,1997,1
173,1998,1
173,2000,2
173,2001,1
173,2002,1
173,2003,1
173,2005,1
173,2006,1
173,2007,2
173,2010,3
173,2011,2
173,2013,2
173,2014,1
173,2016,2
173,2017,1
174,1951,1
174,1954,2
174,1956,1
174,1957,2
174,1960,2
174,1962,1
174,1970,1
174,1972,2
174,1974,2
174,1976,3
174,1977,2
174,1978,2
174,1979,5
174,1980,3
174,1981,2
174,1982,6
174,1983,1
174,1984,3
174,1985,2
174,1986,4
174,1987,2
174,1989,2
174,1990,1
174,1991,1
174,1992,2
174,1994,1
174,1995,2
174,1997,1
174,1998,3
174,1999,2
174,2000,2
174,2001,3
174,2002,1
174,2004,1
174,2005,3
174,2006,1
174,2008,2
174,2009,1
174,2010,4
174,2011,5
174,2012,5
174,2013,2
174,2014,3
174,2015,2
174,2016,1
175,1959,1
175,1961,2
175,1964,1
175,1965,2
175,1972,3
175,1976,1
175,1977,3
175,1978,1
175,1979,2
175,1980,4
175,1981,2
175,1983,2
175,1984,1
175,1985,5
175,1986,4
175,1987,5
175,1989,3
175,1990,1
175,1991,4
175,1992,3
175,1993,2
175,1994,7
175,1995,3
175,1996,2
175,1997,3
175,1998,3
175,1999,3
175,2000,4
175,2001,5
175,2003,3
175,2004,4
175,2005,3
175,2006,1
175,2007,5
175,2008,7
175,2009,7
175,2010,9
175,2011,3
175,2012,6
175,2013,3
175,2014,7
175,2015,1
175,2016,1
176,1969,1
176,1980,1
176,1981,1
176,1982,1
176,1990,1
176,1999,1
176,2004,1
176,2008,1
176,2010,1
177,1973,1
177,1981,1
177,1983,1
177,1990,1
178,1970,1
178,1975,1
178,1977,3
178,1978,2
178,1979,1
178,1980,3
178,1982,1
178,1983,1
178,1984,2
178,1987,1
178,1988,1
178,1989,2
178,1994,1
178,1995,1
178,1996,2
178,1997,1
178,1999,1
178,2000,3
178,2001,1
178,2002,2
178,2009,1
178,2010,2
178,2011,1
178,2012,5
178,2014,8
178,2015,2
178,2016,4
178,2018,2
179,1979,1
179,1986,1
179,1991,1
179,1992,1
179,1997,1
179,1998,1
179,2004,1
179,2007,1
179,2009,1
179,2010,1
179,2011,1
179,2014,2
180,1969,1
180,1971,1
180,1973,1
180,1974,1
180,1976,1
180,1979,1
180,1980,3
180,1981,1
180,1982,2
180,1983,1
180,1985,1
180,1986,1
180,1988,2
180,1989,2
180,1990,1
180,1991,2
180,1993,1
180,1996,2
180,1998,1
180,1999,1
180,2000,3
180,2002,1
180,2003,1
180,2006,1
180,2008,1
180,2009,1
180,2010,1
180,2012,1
180,2013,1
180,2014,2
181,1983,1
181,1985,2
181,1986,1
181,1992,1
181,1996,1
181,1997,2
181,1999,1
181,2000,1
181,2004,1
181,2007,1
181,2008,1
181,2010,3
181,2011,1
181,2013,1
181,2014,1
182,1998,1
182,2012,1
182,2013,1
182,2014,1
182,2015,2
182,2018,1
183,1984,1
183,1992,1
183,1998,1
183,1999,1
183,2010,2
184,1979,1
184,2004,1
184,2009,1
185,1966,1
185,1969,1
185,1991,1
185,2000,1
185,2005,2
185,2008,1
185,2010,2
185,2011,1
185,2012,1
185,2014,1
185,2015,1
186,1966,1
186,1971,1
186,1972,1
186,1974,1
186,1975,1
186,1976,1
186,1977,1
186,1978,4
186,1979,2
186,1981,4
186,1983,1
186,1984,2
186,1985,1
186,1986,1
186,1988,1
186,1990,2
186,1991,1
186,1992,2
186,1994,1
186,1998,1
186,1999,1
186,2000,1
186,2001,3
186,2002,3
186,2003,3
186,2006,2
186,2007,1
186,2008,1
186,2009,1
186,2010,3
186,2011,1
186,2012,1
186,2014,2
186,2015,1
187,1961,1
187,1965,1
187,1966,2
187,1977,2
187,1978,1
187,1979,1
187,1980,1
187,1981,1
187,1982,1
187,1983,5
187,1984,2
187,1986,1
188,1976,1
188,1977,1
188,1979,1
188,1980,1
188,1983,1
188,2001,1
188,2002,1
189,1980,1
189,1990,1
189,1998,1
190,1961,1
190,1976,1
190,1980,1
190,2008,1
191,1996,1
191,1997,1
191,1998,2
191,1999,2
191,2001,1
191,2002,2
191,2003,1
191,2006,1
191,2013,1
191,2014,1
191,2015,1
192,1971,1
192,1973,1
192,1975,1
192,1984,1
192,1994,1
192,2001,1
192,2002,1
192,2004,2
192,2005,1
192,2008,1
192,2012,2
192,2014,1
192,2015,4
193,1969,1
193,1978,1
193,1979,1
193,1980,2
193,1981,3
193,1983,1
193,1985,2
193,1987,2
193,1988,1
193,1990,1
193,1991,1
193,1993,1
193,1997,1
193,1998,1
193,1999,2
193,2002,1
193,2006,1
193,2009,2
193,2010,1
193,2012,1
193,2013,1
193,2014,2
193,2015,2
193,2017,1
194,2008,1
195,1955,1
195,1970,1
195,2011,1
195,2012,1
195,2014,1
196,1993,1
196,2009,1
196,2012,1
196,2014,1
197,2012,1
198,1999,1
198,2002,2
199,2000,1
199,2005,1
199,2006,2
199,2007,1
199,2009,2
199,2010,1
199,2012,1
199,2013,1
199,2014,1
199,2015,1
199,2018,1
200,1970,1
200,1972,1
200,1973,2
200,1976,1
200,1977,2
200,1982,2
200,1983,1
200,1985,1
200,1986,1
200,1987,1
200,1989,1
200,1992,1
200,1998,1
200,2007,1
200,2014,1
200,2015,1
200,2018,1
201,2013,1
202,1981,1
202,2001,1
202,2013,1
203,2011,1
204,1982,1
204,2011,1
204,2016,1
204,2017,1
205,1980,1
206,1980,1
206,1994,1
206,1996,1
206,1997,1
207,2001,1
208,1997,1
208,2006,1
209,2003,1
211,1985,1
212,1970,1
212,1974,1
212,1978,1
212,1983,1
212,1984,1
212,1986,1
212,1990,1
212,1991,1
212,1994,1
212,1996,2
212,2002,2
212,2006,1
212,2008,1
212,2009,2
212,2011,1
212,2012,1
212,2013,3
212,2014,6
212,2015,2
212,2017,1
213,1963,1
213,1969,1
213,1970,2
213,1971,2
213,1973,2
213,1975,1
213,1977,1
213,1978,3
213,1979,4
213,1980,2
213,1981,2
213,1982,2
213,1983,2
213,1984,4
213,1985,3
213,1986,2
213,1987,2
213,1988,4
213,1989,3
213,1990,3
213,1991,3
213,1992,4
213,1993,5
213,1994,4
213,1995,3
213,1996,3
213,1997,4
213,1998,1
213,1999,1
213,2000,5
213,2001,5
213,2002,3
213,2003,4
213,2004,3
213,2005,2
213,2006,3
213,2007,5
213,2008,4
213,2009,8
213,2010,8
213,2011,7
213,2012,4
213,2013,6
213,2014,9
213,2015,5
213,2016,2
213,2017,1
213,2018,2
214,1969,1
214,2005,1
214,2009,1
214,2010,1
214,2011,1
214,2013,1
214,2015,2
215,1966,1
215,1967,2
215,1969,1
215,1970,2
215,1971,4
215,1972,1
215,1973,2
215,1975,1
215,1976,4
215,1977,4
215,1978,4
215,1979,6
215,1980,3
215,1981,4
215,1982,2
215,1983,2
215,1984,3
215,1986,1
215,1987,4
215,1988,4
215,1989,2
215,1991,2
215,1992,1
215,1993,4
215,1994,5
215,1995,6
215,1996,1
215,1998,2
215,1999,1
215,2000,1
215,2001,4
215,2002,2
215,2003,5
215,2004,1
215,2005,1
215,2006,3
215,2007,5
215,2008,2
215,2009,6
215,2010,7
215,2012,5
215,2013,3
215,2014,8
215,2015,6
215,2018,2
216,1970,1
216,1971,1
216,1975,1
216,1976,1
216,1977,1
216,1979,1
216,1983,1
216,1988,1
216,1991,1
216,1996,1
216,1997,1
216,1998,1
216,2000,1
216,2007,1
216,2009,1
216,2013,2
216,2014,2
216,2018,2
217,1965,1
217,1966,1
217,1968,1
217,1969,1
217,1970,1
217,1973,1
217,1974,1
217,1976,1
217,1978,4
217,1979,2
217,1980,4
217,1981,3
217,1982,5
217,1983,3
217,1984,1
217,1985,6
217,1986,3
217,1987,3
217,1988,6
217,1989,8
217,1990,3
217,1991,3
217,1992,6
217,1993,1
217,1994,3
217,1995,1
217,1996,2
217,1997,3
217,1998,1
217,1999,3
217,2000,2
217,2001,2
217,2003,2
217,2004,3
217,2007,2
217,2008,2
217,2009,1
217,2011,2
217,2012,4
217,2013,1
217,2014,1
217,2016,1
218,1985,1
219,1963,1
219,1976,1
219,1977,2
219,1985,1
219,1989,2
219,1990,2
219,1991,3
219,1993,4
219,1994,4
219,1995,4
219,1996,3
219,1997,2
219,1998,2
219,2004,2
219,2005,2
219,2007,1
219,2009,4
219,2010,2
219,2011,1
219,2012,1
219,2013,2
219,2014,3
219,2015,1
219,2016,1
220,1967,1
220,1969,1
220,1980,1
220,1981,2
220,1982,1
220,1983,3
220,1984,2
220,1985,1
220,1986,1
220,1987,1
220,1988,1
220,1989,1
220,1991,1
220,1992,1
220,2004,1
220,2005,1
220,2010,1
220,2013,1
220,2018,1
221,1971,1
221,1994,3
221,1995,2
221,1996,2
221,1997,1
221,1998,1
221,2010,1
222,1968,1
222,1970,2
222,1971,1
222,1973,1
222,1974,1
222,1976,1
222,1977,2
222,1978,5
222,1979,3
222,1980,2
222,1981,4
222,1982,3
222,1983,6
222,1984,1
222,1985,4
222,1987,1
222,1988,3
222,1989,4
222,1990,1
222,1991,2
222,1992,1
222,1993,3
222,1995,1
222,1996,2
222,1997,1
222,1999,1
222,2000,1
222,2001,2
222,2003,1
222,2005,1
222,2009,2
222,2011,1
222,2012,4
222,2013,1
222,2014,1
222,2015,1
222,2016,1
223,1973,1
223,1978,1
223,1979,1
223,1981,1
223,1982,1
223,1983,1
223,1984,1
223,1985,4
223,1987,3
223,1988,2
223,1989,3
223,1991,3
223,1992,1
223,1994,3
223,1995,1
223,1996,1
223,1997,1
223,1998,1
223,2003,1
224,1975,1
224,1977,1
224,1981,1
224,1991,1
224,2010,1
224,2013,1
224,2017,1
225,1986,1
225,1987,1
226,1972,1
226,1988,1
226,1989,1
226,1991,1
226,1992,1
226,1994,1
226,1996,1
226,2012,1
227,2013,1
228,1976,1
228,1977,1
228,1978,1
228,1984,1
228,1991,1
228,1994,1
228,1999,1
228,2000,1
228,2002,1
228,2004,2
228,2008,1
228,2013,1
228,2014,1
229,1967,1
229,1975,1
229,1976,2
229,1979,1
229,1981,1
229,1984,1
229,1986,1
229,1987,1
229,1993,3
229,2008,1
229,2009,2
230,1989,1
230,2001,1
231,1977,1
231,1991,1
231,1994,1
231,1997,1
231,1999,1
231,2001,1
231,2004,2
231,2006,1
231,2014,1
232,1985,1
232,2014,1
233,1963,1
233,1966,2
233,1969,2
233,1972,1
233,1974,1
233,1976,3
233,1977,2
233,1979,1
233,1980,3
233,1982,1
233,1990,1
233,1991,2
233,1992,1
233,1996,1
233,1997,1
233,2003,2
233,2004,1
233,2012,3
233,2013,1
233,2016,1
233,2018,1
234,1955,1
234,1962,1
234,1963,1
234,1987,2
234,1988,1
234,1989,1
234,1990,1
234,1991,1
234,1997,1
234,2009,1
234,2014,3
234,2015,1
235,1965,1
235,1966,1
235,1972,1
235,1976,1
235,1977,2
235,1980,2
235,1981,1
235,1983,1
235,1984,1
235,1986,1
235,1987,1
235,1990,1
235,1991,1
235,2006,1
235,2011,1
235,2012,1
235,2013,1
235,2014,1
235,2015,1
236,1961,2
236,1963,1
236,1965,1
236,1966,1
236,1967,1
236,1968,1
236,1969,1
236,1970,1
236,1971,1
236,1972,2
236,1974,1
236,1975,1
236,1976,5
236,1977,2
236,1978,4
236,1979,3
236,1980,6
236,1981,4
236,1983,3
236,1985,2
236,1986,3
236,1987,1
236,1988,2
236,1989,1
236,1990,1
236,1991,2
236,1995,3
236,1996,1
236,1997,1
236,1999,1
236,2000,1
236,2003,1
236,2004,1
236,2005,1
236,2011,1
236,2012,1
236,2015,1
236,2016,1
237,1960,1
237,1968,1
237,1970,1
237,1971,1
237,1978,1
237,1984,1
238,1962,1
238,1972,1
238,1973,1
238,1974,1
238,1994,1
238,1999,1
238,2001,1
238,2002,1
238,2003,2
238,2005,2
238,2006,2
238,2007,2
238,2008,1
238,2009,1
238,2012,2
238,2014,1
239,1981,1
239,1982,2
239,1984,1
239,1985,1
240,1980,1
240,1988,1
240,1997,1
240,2006,1
240,2007,1
240,2016,1
241,1985,1
242,1977,1
242,1980,1
242,1985,1
242,1991,1
242,1995,1
242,1999,1
242,2002,1
242,2008,2
242,2009,1
242,2011,1
242,2012,1
242,2013,2
242,2015,2
242,2017,1
243,1986,1
243,2010,2
243,2011,1
243,2013,1
244,1981,1
244,2007,1
244,2014,1
245,2011,1
246,2008,1
246,2009,2
246,2013,1
247,1979,1
247,1981,1
247,1982,2
247,1983,2
247,1984,1
247,1985,3
247,1988,1
247,1990,2
247,1991,2
247,1992,6
247,1993,3
247,1994,3
247,1995,6
247,1996,2
247,1997,3
247,1998,2
247,1999,6
247,2000,3
247,2001,4
247,2002,6
247,2003,3
247,2004,9
247,2005,3
247,2006,7
247,2007,1
247,2008,4
247,2009,3
247,2010,5
247,2011,5
247,2012,9
247,2013,5
247,2014,5
247,2015,6
247,2017,1
248,2010,3
248,2011,2
248,2012,9
248,2013,3
248,2014,5
248,2015,3
248,2016,4
248,2018,2
249,1980,2
249,1982,1
249,1983,3
249,1985,3
249,1986,4
249,1987,3
249,1988,1
249,1990,3
249,1991,1
249,1992,1
249,1993,1
249,1994,4
249,1995,4
249,1996,4
249,1997,5
249,1998,3
249,1999,8
249,2000,5
249,2001,3
249,2002,6
249,2003,4
249,2004,4
249,2005,5
249,2006,4
249,2007,4
249,2008,5
249,2009,4
249,2010,5
249,2011,4
249,2012,9
249,2013,4
249,2014,4
249,2015,6
249,2016,1
249,2017,2
249,2018,4
250,1994,1
250,2004,1
250,2010,3
250,2011,2
250,2012,2
250,2013,2
250,2014,4
250,2015,3
250,2017,2
251,1965,1
251,1983,1
251,2012,2
252,1993,3
252,1994,1
252,1996,3
252,1997,3
252,1999,2
252,2000,7
252,2001,2
252,2002,2
252,2003,4
252,2004,6
252,2005,3
252,2006,3
252,2007,2
252,2008,2
252,2009,3
252,2010,5
252,2011,5
252,2012,6
252,2013,3
252,2014,6
252,2015,2
252,2016,4
252,2018,1
253,1977,1
253,1982,1
253,1986,1
253,1993,3
253,1995,3
253,1997,1
253,1998,1
253,2001,2
253,2002,4
253,2003,1
253,2005,3
253,2006,3
253,2009,1
253,2010,1
253,2011,2
253,2012,1
253,2013,2
253,2014,2
253,2017,1
254,1999,1
254,2000,1
254,2006,1
254,2012,2
254,2013,2
254,2014,2
254,2015,1
254,2017,1
255,1992,1
255,1994,2
255,1996,2
255,1997,2
255,2000,3
255,2002,1
255,2003,3
255,2004,2
255,2005,2
255,2006,3
255,2007,2
255,2008,1
255,2009,5
255,2010,2
255,2011,1
255,2012,2
255,2013,9
255,2014,2
255,2015,8
255,2016,1
255,2017,3
255,2018,1
256,2013,1
256,2017,1
257,1980,1
257,1982,1
257,1985,1
257,1988,1
257,1989,1
257,1991,1
257,1992,2
257,1993,1
257,1994,4
257,1995,2
257,1997,3
257,1998,2
257,1999,4
257,2000,3
257,2002,1
257,2004,1
257,2005,1
257,2007,1
257,2009,1
257,2011,2
257,2012,4
257,2013,1
257,2014,1
257,2015,1
258,1992,1
258,1995,1
258,2002,1
258,2003,1
258,2004,3
258,2006,2
258,2007,2
258,2008,1
258,2009,3
258,2010,1
258,2011,1
258,2012,4
258,2013,2
258,2014,2
258,2015,1
258,2017,1
259,1998,1
259,2008,1
260,2012,1
260,2014,1
261,1982,1
261,1985,1
261,1986,3
261,1992,1
261,1994,1
261,1999,1
261,2001,1
261,2012,1
261,2013,1
261,2014,2
261,2017,1
262,1983,1
262,1984,1
262,1985,2
262,1986,2
262,1990,1
262,1991,1
262,1992,2
262,1994,1
262,1995,1
262,1999,1
262,2000,1
262,2001,1
262,2002,2
262,2003,3
262,2006,2
262,2009,1
262,2012,1
262,2013,1
262,2014,1
262,2015,2
262,2017,1
263,1987,1
263,1990,1
263,1992,1
263,1993,2
263,1996,2
263,1997,2
263,2000,1
263,2002,3
263,2003,1
263,2004,3
263,2005,1
263,2006,2
263,2008,1
263,2009,3
263,2010,1
263,2012,1
263,2013,1
263,2014,3
263,2015,3
263,2017,1
263,2018,1
264,1969,1
264,1980,1
264,1982,1
264,1984,1
264,1985,1
264,1986,1
264,1988,1
264,1990,3
264,1995,2
264,1999,2
264,2000,1
264,2002,1
264,2004,3
264,2005,1
264,2006,2
264,2008,1
264,2009,1
264,2010,1
264,2012,1
264,2013,1
264,2014,1
265,1985,1
265,1990,1
265,1992,1
265,1998,1
265,1999,1
265,2000,1
265,2001,1
265,2002,1
265,2003,1
265,2009,1
265,2012,1
266,1977,1
266,1979,1
266,1980,1
266,2000,1
266,2002,1
266,2004,1
266,2006,1
266,2008,1
267,1991,1
267,1993,1
267,1994,1
267,1996,1
267,1997,1
267,1999,1
267,2002,3
267,2014,3
267,2015,1
268,1979,1
268,1983,1
268,1988,1
268,1993,1
268,1994,1
269,1966,2
269,1969,2
269,1970,1
269,1971,3
269,1972,1
269,1973,1
269,1974,1
269,1975,1
269,1976,5
269,1977,3
269,1978,1
269,1979,6
269,1980,7
269,1981,3
269,1982,2
269,1983,2
269,1984,1
269,1985,2
269,1986,6
269,1987,1
269,1988,2
269,1989,1
269,1990,5
269,1991,1
269,1992,1
269,1994,3
269,1995,3
269,1998,2
269,1999,2
269,2000,1
269,2001,1
269,2002,1
269,2003,2
269,2004,1
269,2006,4
269,2007,1
269,2008,1
269,2009,2
269,2010,1
269,2012,2
269,2013,1
269,2015,2
269,2017,1
270,1990,1
271,1979,1
271,1980,1
271,1981,3
271,1982,2
271,1983,1
271,1986,1
271,1988,1
271,1995,1
271,2000,1
271,2002,1
271,2004,1
271,2005,3
271,2006,1
271,2007,1
271,2009,2
271,2010,1
271,2011,2
271,2012,1
271,2013,3
271,2014,1
271,2015,3
272,1970,1
272,1976,2
272,1977,5
272,1978,2
272,1979,3
272,1980,3
272,1981,1
272,1982,2
272,1983,1
272,1984,1
272,1985,1
272,1986,1
272,1987,1
272,1989,1
272,1990,1
272,1991,2
272,1992,1
272,2004,1
272,2007,1
272,2010,3
272,2011,1
272,2012,1
272,2013,2
272,2014,3
272,2015,1
272,2016,1
273,2002,1
273,2004,2
273,2005,2
273,2009,1
273,2011,1
273,2012,1
273,2014,1
273,2016,1
274,1986,1
274,1988,1
274,2011,3
274,2012,1
274,2017,1
275,1989,3
275,2009,1
275,2010,1
275,2014,1
276,2003,1
277,1968,1
277,1976,1
277,1988,1
277,2000,1
277,2001,1
277,2007,2
277,2009,1
277,2010,1
277,2011,1
277,2012,1
277,2014,3
277,2015,3
277,2016,1
277,2017,1
278,1970,1
278,1995,2
278,2004,1
278,2005,2
278,2008,1
278,2009,1
278,2012,1
278,2013,2
278,2014,2
278,2015,3
279,1980,1
279,1983,1
279,1984,1
279,1988,1
279,1989,2
279,1994,1
279,1995,2
279,2008,1
279,2012,1
279,2013,1
279,2014,1
280,2011,1
280,2012,1
280,2015,1
281,2014,1
282,2012,1
283,1978,1
283,1982,1
283,1985,1
283,1988,1
283,1991,2
283,1993,2
283,1994,1
283,1995,1
283,2000,1
283,2001,1
283,2002,1
283,2003,2
283,2004,2
283,2005,1
283,2006,3
283,2008,1
283,2009,2
283,2010,3
283,2011,1
283,2012,2
283,2013,1
283,2015,1
283,2018,1
284,1998,1
284,2002,1
284,2003,1
285,1985,1
285,1993,1
285,1999,1
285,2001,1
285,2003,1
285,2006,1
285,2009,2
285,2015,2
286,2004,1
286,2005,1
287,1982,1
287,1990,1
287,2010,1
288,1979,1
288,1981,2
288,1982,3
288,1983,1
288,1989,1
288,1992,1
288,1999,1
288,2007,1
288,2011,1
288,2013,1
289,1979,1
289,2000,1
289,2008,1
290,1999,1
290,2000,2
291,1988,1
291,1992,1
291,1994,1
291,2000,1
291,2001,1
291,2002,1
291,2003,1
291,2005,1
291,2016,1
292,1993,1
292,1994,2
292,1995,1
292,2000,1
292,2002,2
292,2003,1
292,2004,1
292,2007,1
292,2008,1
292,2009,1
292,2010,3
292,2011,1
292,2013,2
292,2014,3
292,2016,1
292,2018,1
293,1976,1
293,2003,1
294,1995,1
294,2003,1
294,2006,2
294,2010,1
294,2012,1
294,2013,1
295,1994,2
295,1995,1
295,1997,1
295,2003,1
295,2004,1
295,2005,3
295,2006,1
295,2011,2
295,2012,3
295,2014,2
296,2004,1
296,2006,1
296,2014,1
297,2004,2
297,2012,1
298,2005,1
299,1978,1
299,1990,1
299,1995,1
299,2005,1
300,2006,1
300,2009,1
300,2017,1
301,1989,1
301,1994,1
301,1996,1
302,2010,1
303,2000,1
303,2010,1
303,2011,1
303,2012,1
303,2013,2
303,2015,1
304,1971,1
304,1994,1
304,1998,1
304,2004,1
304,2009,2
305,2009,1
305,2010,1
306,1995,1
306,2000,1
306,2002,1
306,2003,1
306,2006,1
306,2012,2
307,2002,1
308,2004,1
308,2005,3
308,2006,1
308,2007,1
308,2009,1
308,2010,1
308,2011,2
308,2012,2
308,2013,2
308,2015,3
309,1990,1
309,1991,1
309,1993,1
309,1999,1
309,2003,1
309,2008,1
309,2013,1
310,2012,1
311,2010,1
312,1981,1
312,2001,1
312,2014,1
313,2014,1
314,2008,1
315,1995,1
315,1996,1
315,2009,2
316,1992,2
316,1994,1
316,2002,1
316,2007,1
316,2010,1
316,2011,2
317,2009,1
317,2013,1
318,2012,1
319,1979,1
319,1983,1
319,1995,1
319,2003,1
319,2010,1
320,2010,1
320,2011,1
321,1969,1
321,1983,1
321,1991,1
321,2005,2
321,2006,2
321,2007,2
321,2008,1
321,2009,4
321,2010,2
321,2011,3
321,2012,1
321,2014,2
321,2015,1
322,2013,1
323,2002,1
324,2002,1
324,2013,1
325,1983,1
325,1998,1
325,2001,4
325,2002,1
325,2012,1
325,2015,1
326,2008,2
326,2010,1
327,2007,1
327,2010,1
328,2007,1
329,2014,1
330,2009,1
331,2009,1
331,2012,1
331,2013,1
332,2001,1
332,2012,1
333,2011,1
334,1993,1
334,2003,1
334,2006,1
334,2010,1
334,2011,1
335,1998,1
335,2003,1
335,2004,1
335,2010,2
335,2011,1
335,2012,1
335,2014,2
336,1962,1
336,1966,1
336,1969,1
336,1971,1
336,1974,1
336,1977,2
336,1981,1
336,1982,1
336,1983,1
336,1987,2
336,1988,1
336,1997,1
336,2005,1
336,2006,1
336,2007,2
336,2009,2
336,2011,1
336,2012,1
336,2013,1
336,2015,1
336,2016,1
337,1985,1
337,1994,1
337,1995,1
337,1997,2
337,1998,1
337,1999,2
337,2000,1
337,2004,1
337,2007,1
337,2008,4
337,2009,2
337,2010,2
337,2011,1
337,2012,2
337,2013,3
337,2014,1
337,2015,4
337,2016,1
338,1976,1
338,1979,1
338,1980,2
338,1981,1
338,1983,1
338,1984,1
338,1985,5
338,1986,1
338,1987,2
338,1988,5
338,1989,1
338,1992,2
338,1993,1
338,1994,1
338,1996,2
338,1997,3
338,1998,1
338,1999,2
338,2000,3
338,2001,2
338,2002,2
338,2003,2
338,2004,6
338,2005,1
338,2006,4
338,2007,4
338,2008,2
338,2009,4
338,2010,6
338,2011,4
338,2012,5
338,2013,3
338,2014,4
338,2015,1
339,2005,2
339,2008,2
339,2009,1
339,2010,2
339,2011,2
339,2012,2
339,2013,1
339,2015,1
339,2016,2
339,2018,1
340,1968,1
340,1969,1
340,1973,1
340,1977,2
340,1978,1
340,1980,1
340,1981,1
340,1982,1
340,1983,2
340,1985,3
340,1986,3
340,1987,1
340,1988,1
340,1989,3
340,1990,2
340,1991,1
340,1993,1
340,1995,3
340,1997,1
340,1998,2
340,2000,2
340,2002,2
340,2005,3
340,2006,5
340,2007,3
340,2008,3
340,2009,3
340,2010,2
340,2011,5
340,2012,2
340,2013,3
340,2014,2
340,2015,3
340,2017,2
340,2018,1
341,1966,1
341,1981,1
341,1996,1
341,1997,1
341,1999,2
341,2001,2
341,2004,1
341,2005,2
341,2006,4
341,2007,3
341,2008,4
341,2009,2
341,2010,3
341,2011,5
341,2012,4
341,2013,7
341,2014,8
341,2015,9
341,2018,1
342,2001,1
342,2003,1
342,2010,2
342,2012,1
342,2013,2
342,2014,2
342,2015,1
342,2018,1
343,1989,1
343,1997,1
343,1999,1
343,2002,1
343,2004,1
343,2005,1
343,2006,1
343,2007,1
343,2009,1
343,2010,1
343,2011,4
343,2012,2
343,2013,3
343,2014,4
343,2015,1
343,2017,2
343,2018,1
344,1960,1
344,1967,1
344,1972,1
344,1983,1
344,1989,1
344,1991,1
344,1996,2
344,1997,1
344,1998,1
344,2000,3
344,2001,1
344,2002,2
344,2003,1
344,2004,1
344,2008,2
344,2009,2
344,2010,4
344,2011,3
344,2012,2
344,2014,4
344,2015,2
344,2016,2
345,1982,1
345,1988,1
345,2002,1
345,2013,1
345,2014,3
345,2015,1
346,1954,1
346,1956,1
346,1960,2
346,1969,1
346,2002,1
346,2003,1
346,2012,1
346,2013,1
346,2014,4
347,1979,1
347,1987,1
347,1990,1
347,1993,3
347,1996,1
347,1997,6
347,1998,2
347,1999,2
347,2000,1
347,2002,4
347,2003,2
347,2006,2
347,2007,3
347,2008,1
347,2009,5
347,2010,2
347,2011,4
347,2012,7
347,2013,1
347,2014,2
347,2015,2
348,1991,2
348,1994,1
348,2004,1
348,2011,1
348,2014,1
348,2015,1
349,1950,1
349,1959,2
349,1960,1
349,1977,1
349,1978,2
349,1979,1
349,1980,1
349,1983,1
349,1990,1
349,1992,1
349,1993,1
349,1995,1
349,1997,1
349,2004,2
349,2005,1
349,2006,2
349,2010,1
349,2012,3
349,2013,1
349,2014,3
349,2015,2
349,2017,2
350,1983,1
350,1993,1
350,1995,1
350,1997,1
351,1957,1
351,1959,2
351,1960,3
351,1961,3
351,1962,1
351,1963,1
351,1964,1
351,1965,3
351,1966,1
351,1971,1
351,1972,2
351,1976,1
351,1978,1
351,1980,1
351,1995,1
351,1998,1
351,2000,1
351,2004,2
351,2005,1
351,2006,1
351,2007,1
351,2008,1
351,2009,1
351,2011,2
351,2012,1
351,2017,1
352,2008,1
353,1987,1
354,1989,1
354,1991,1
355,1983,1
355,1997,1
355,2001,1
355,2002,1
355,2012,1
356,1973,2
356,1978,1
356,1983,1
356,1987,1
357,1980,1
357,1983,2
357,1996,1
357,1998,1
357,1999,1
357,2000,1
357,2001,2
357,2002,1
357,2003,1
357,2005,2
357,2006,3
357,2007,2
357,2010,5
357,2011,1
357,2012,1
357,2013,1
357,2014,2
357,2015,2
357,2016,3
357,2017,1
358,1978,1
358,1983,1
358,1986,1
358,1998,1
358,2003,1
358,2004,1
358,2011,1
359,1995,1
359,2001,1
359,2002,1
359,2004,2
359,2006,1
359,2008,1
359,2010,1
359,2011,1
359,2015,3
359,2017,1
360,1972,1
360,1980,1
360,1984,1
360,1987,1
360,2004,1
360,2008,2
360,2011,2
360,2012,3
360,2014,1
360,2015,2
360,2018,1
361,2003,2
361,2004,1
361,2006,2
361,2008,1
361,2009,3
361,2012,1
361,2013,1
361,2014,1
361,2015,2
361,2017,1
361,2018,1
362,1977,1
362,1984,1
362,2002,1
362,2009,1
362,2011,1
362,2013,3
363,1977,1
363,1980,2
363,1981,1
363,1983,1
363,1986,1
363,1990,1
363,2011,1
363,2014,2
363,2018,1
364,2004,1
364,2009,2
364,2010,2
364,2011,2
364,2012,1
364,2013,1
364,2015,1
364,2016,1
364,2017,1
365,2009,1
366,1983,1
366,2009,1
366,2011,1
367,1976,1
367,1984,1
367,1985,1
367,1990,1
367,1998,1
367,2003,1
367,2006,3
367,2007,1
367,2010,1
367,2012,2
367,2013,1
367,2014,2
368,1971,1
368,1983,1
368,2001,1
368,2005,1
368,2011,1
369,2003,1
370,1966,1
370,1981,1
370,1990,2
370,1994,1
370,2006,1
370,2012,1
370,2015,1
371,1965,1
371,2012,1
372,1979,1
372,2009,1
372,2010,2
372,2011,1
372,2012,1
372,2013,2
372,2014,1
373,2014,1
374,2013,1
375,2014,1
376,1992,1
376,2015,1
377,1990,1
377,2004,1
377,2012,1
378,1976,1
378,1983,1
378,1988,2
378,1991,1
378,2006,1
378,2010,1
378,2012,1
378,2015,1
378,2016,1
379,2006,1
379,2007,1
379,2010,2
379,2013,1
379,2014,1
379,2016,1
380,1971,1
380,1974,1
380,1978,1
380,2009,1
381,2009,1
381,2011,1
382,1977,1
382,2012,1
383,2010,1
383,2012,1
383,2016,1
384,2000,1
385,2009,2
385,2012,1
386,2010,1
386,2011,1
386,2015,1
386,2017,1
387,2014,1
388,2013,1
389,2002,2
389,2004,1
389,2010,1
389,2011,1
389,2013,1
389,2018,1
390,2002,1
390,2007,1
390,2008,1
390,2011,1
390,2015,1
390,2018,1
391,1972,1
391,1976,1
391,1980,1
391,1981,1
391,2012,1
392,2009,1
393,2004,1
393,2012,2
393,2013,1
393,2015,1
393,2016,1
394,1980,1
394,2010,1
394,2012,2
394,2014,1
395,2006,1
396,1998,1
397,1989,1
397,2010,1
397,2013,2
398,1979,1
398,1991,1
398,2013,1
399,1995,1
399,1998,1
399,2003,1
399,2004,2
399,2006,1
399,2007,1
399,2010,1
399,2013,1
399,2017,1
400,2005,1
400,2014,1
401,1960,1
401,2002,1
402,1977,1
402,1979,1
402,1980,1
402,1983,1
402,1993,1
402,2009,1
402,2010,2
402,2011,3
402,2012,2
402,2013,2
403,2014,1
404,1991,1
404,1992,1
405,2012,1
406,2012,1
406,2015,2
407,2000,1
408,1975,1
408,1985,1
408,1991,2
408,1994,1
408,2003,1
408,2005,1
408,2012,2
409,2003,1
409,2005,1
410,2012,1
411,1961,1
411,1962,2
411,1964,1
411,1965,6
411,1966,3
411,1967,1
411,1968,1
411,1969,1
411,1970,4
411,1971,3
411,1972,4
411,1973,5
411,1974,1
411,1975,3
411,1976,5
411,1977,5
411,1978,10
411,1979,4
411,1980,3
411,1981,7
411,1982,4
411,1983,3
411,1984,3
411,1985,4
411,1986,4
411,1987,8
411,1988,4
411,1989,3
411,1990,2
411,1991,4
411,1992,2
411,1993,3
411,1994,2
411,1995,3
411,1996,2
411,1997,2
411,1998,3
411,1999,2
411,2000,3
411,2001,2
411,2002,3
411,2003,1
411,2004,5
411,2005,2
411,2006,5
411,2007,2
411,2008,4
411,2009,6
411,2010,3
411,2011,3
411,2012,1
411,2013,2
411,2014,5
411,2017,1
411,2018,1
412,1972,3
412,1973,3
412,1974,2
412,1975,2
412,1976,5
412,1977,3
412,1978,6
412,1979,8
412,1980,3
412,1981,5
412,1982,5
412,1983,8
412,1984,6
412,1985,5
412,1986,6
412,1987,6
412,1988,4
412,1989,8
412,1990,7
412,1991,5
412,1992,8
412,1993,4
412,1994,1
412,1995,5
412,1996,5
412,1997,4
412,1998,4
412,1999,4
412,2000,4
412,2001,2
412,2002,5
412,2003,2
412,2004,3
412,2005,3
412,2006,2
412,2007,4
412,2008,3
412,2009,3
412,2010,2
412,2011,1
412,2012,7
412,2013,2
412,2014,8
412,2015,3
412,2017,1
412,2018,1
413,1969,1
413,1971,1
413,1974,1
413,1977,1
413,1981,1
413,1985,1
413,1986,1
413,1987,2
413,1990,1
413,1993,1
413,1994,1
413,1996,1
413,1999,2
413,2000,1
413,2001,1
413,2003,1
413,2010,1
413,2013,1
414,1986,1
414,1988,1
414,1991,1
414,1993,1
414,1996,2
415,1983,1
415,1985,2
415,1988,4
415,1989,1
415,1993,1
415,2005,1
415,2006,1
415,2015,1
415,2018,1
416,2006,1
416,2015,1
417,1978,1
417,1980,2
418,1975,1
418,1976,1
418,1978,1
418,1980,1
418,1981,1
418,1982,1
418,1992,1
418,1995,2
418,2001,1
418,2006,1
418,2007,1
418,2008,1
418,2009,2
418,2014,1
419,2011,1
419,2014,1
420,2008,1
420,2010,1
421,2011,1
421,2014,1
422,2004,2
422,2011,1
423,2012,1
423,2013,1
424,2014,1
425,1973,1
425,1976,1
425,1983,1
425,1990,1
425,1992,1
425,1994,1
425,1997,1
425,1998,1
425,2002,1
425,2004,1
425,2006,1
425,2007,1
425,2008,1
425,2009,1
425,2010,1
425,2011,1
425,2012,1
425,2013,2
425,2014,4
425,2015,6
425,2017,2
425,2018,1
426,1998,1
427,2008,1
428,2007,1
428,2009,2
428,2012,1
428,2014,1
428,2015,1
429,1981,2
429,1990,1
429,2012,1
430,1960,1
430,1961,1
430,1962,2
430,1964,1
430,1966,1
430,1969,4
430,1973,1
430,1976,1
430,1978,1
430,1980,1
430,1982,1
430,1985,1
430,1986,1
430,1987,1
430,1988,1
430,1990,1
430,1991,1
430,1993,1
430,1997,1
430,1998,1
430,2004,1
430,2006,1
430,2007,1
430,2008,1
430,2009,1
430,2011,1
430,2012,3
430,2013,1
430,2015,1
430,2017,1
431,1979,1
431,1982,1
431,1985,1
431,1987,1
432,1959,2
432,1960,1
432,1961,1
432,1962,1
432,1964,1
432,1965,2
432,1968,1
432,1969,1
432,1971,2
432,1972,1
432,1974,1
432,1977,1
432,1979,1
432,1980,1
432,1985,1
432,1987,1
432,2016,1
433,1977,1
433,1979,1
433,1980,1
433,1981,2
433,1983,1
433,1984,1
433,1985,1
433,1988,1
433,1992,1
433,1993,1
433,1997,1
433,1999,1
433,2007,1
434,1977,1
434,1994,1
434,2000,1
434,2003,1
434,2006,1
434,2009,1
434,2010,1
434,2011,3
434,2013,4
434,2014,1
435,1990,1
435,2008,1
435,2009,1
435,2011,1
435,2013,1
435,2015,1
437,1999,1
438,2000,1
438,2009,1
439,2002,1
440,1951,1
440,1956,1
440,1992,1
440,2008,1
441,1974,2
441,1977,1
441,1997,1
441,1998,1
441,1999,1
441,2004,1
441,2009,1
441,2014,1
442,2004,1
443,1971,1
443,1972,1
443,1973,2
443,1976,1
443,1977,1
443,1978,2
443,1979,1
443,1982,1
443,1983,2
443,1984,1
443,1985,1
443,1986,1
443,1989,1
443,1991,1
443,1995,1
443,2005,1
443,2008,1
443,2010,2
443,2013,1
443,2014,1
443,2015,1
444,2005,1
445,1990,1
445,2006,1
445,2007,1
445,2009,1
445,2010,2
445,2011,1
445,2013,4
445,2014,1
445,2015,2
446,2006,1
446,2008,1
446,2012,1
446,2018,1
447,1987,1
447,1991,1
447,1995,1
447,2006,1
447,2009,1
448,1963,1
448,1981,1
448,1982,1
448,1987,1
448,1990,3
448,1991,1
448,1992,1
448,1993,1
448,2001,1
448,2007,1
448,2009,1
448,2012,1
448,2014,1
449,1994,2
449,1995,1
449,1999,2
449,2001,2
449,2002,1
449,2004,1
449,2005,1
449,2006,1
449,2009,1
449,2010,1
449,2011,1
449,2012,3
449,2013,1
449,2015,1
449,2017,1
450,2015,1
451,2004,1
451,2005,3
451,2006,2
451,2008,1
451,2009,1
451,2010,1
451,2014,1
451,2015,1
451,2016,1
452,2014,1
453,1999,1
454,1960,2
454,1961,1
454,1964,1
454,1970,1
454,1971,1
454,1973,1
454,1976,1
454,1977,1
454,1978,1
454,1980,1
454,1983,1
454,1984,1
454,1989,1
454,1990,1
454,1991,2
454,1992,1
454,1993,2
454,1994,1
454,1998,1
454,1999,1
454,2001,1
454,2004,1
454,2006,1
454,2007,1
454,2014,1
455,1999,1
456,1990,1
456,1991,1
456,1996,1
456,1999,1
456,2008,1
456,2010,1
456,2011,1
456,2012,1
456,2015,1
457,1994,1
457,1999,1
457,2000,1
457,2001,3
457,2004,1
457,2005,1
457,2008,1
457,2010,1
457,2011,2
457,2018,1
458,2014,1
458,2018,1
459,1966,1
459,1970,1
459,2004,1
459,2005,1
459,2009,1
460,1965,1
460,1966,1
460,1972,1
460,1980,1
461,2011,1
462,1964,1
462,1966,2
462,1967,1
462,1968,2
462,1970,4
462,1971,1
462,1974,2
462,1976,2
462,1978,1
462,1980,1
462,1982,1
462,1990,1
462,1999,1
463,1998,1
464,1968,1
464,1971,1
464,1974,1
464,1976,2
464,1985,1
464,2001,1
464,2003,1
465,2015,1
466,1998,1
466,2004,1
466,2005,1
467,2004,1
467,2005,1
467,2008,1
468,2009,1
468,2011,1
468,2012,1
468,2013,1
469,2006,1
469,2008,1
469,2009,1
469,2013,1
469,2014,1
469,2015,3
470,2012,1
471,1997,1
471,2013,1
472,2010,1
472,2011,1
472,2018,2
473,2004,1
473,2014,1
474,1980,1
475,1985,1
475,1991,1
475,1993,2
475,1996,1
475,1997,1
475,1999,2
475,2001,1
475,2006,1
475,2008,1
475,2013,1
475,2015,1
476,1998,1
476,2005,1
476,2011,2
476,2013,1
477,1978,1
477,1997,1
477,2000,1
477,2002,1
477,2003,2
477,2004,4
477,2005,2
477,2006,1
477,2007,1
477,2008,1
477,2009,1
477,2013,2
477,2015,1
478,1986,1
478,2002,1
478,2005,2
478,2007,1
478,2008,1
478,2011,3
479,2012,1
479,2015,1
480,2011,1
480,2013,1
481,2015,1
482,2012,1
483,2015,1
484,2007,1
484,2009,1
484,2012,1
484,2014,1
485,1983,1
485,1999,1
485,2002,1
485,2007,1
485,2008,1
485,2009,1
485,2010,1
485,2011,1
485,2012,2
485,2017,1
486,1992,1
486,1997,2
486,1998,3
486,2001,1
486,2004,2
486,2006,1
486,2007,1
486,2011,2
486,2013,1
487,1983,1
487,1985,1
487,1991,1
487,2002,1
488,2005,1
489,2010,1
490,2015,1
491,2005,1
492,2015,1
492,2018,1
493,2015,1
494,1950,1
494,1951,1
494,1969,2
494,1970,4
494,1971,1
494,1972,3
494,1973,7
494,1974,3
494,1975,3
494,1976,5
494,1977,5
494,1978,6
494,1979,6
494,1980,6
494,1981,10
494,1982,7
494,1983,6
494,1984,9
494,1985,11
494,1986,17
494,1987,16
494,1988,18
494,1989,22
494,1990,23
494,1991,24
494,1992,27
494,1993,23
494,1994,26
494,1995,30
494,1996,44
494,1997,29
494,1998,21
494,1999,35
494,2000,37
494,2001,44
494,2002,45
494,2003,57
494,2004,71
494,2005,66
494,2006,67
494,2007,62
494,2008,51
494,2009,64
494,2010,47
494,2011,58
494,2012,60
494,2013,47
494,2014,49
494,2015,62
494,2016,11
494,2017,8
494,2018,16
495,1962,1
495,1965,2
495,1970,2
495,1972,3
495,1980,1
495,1986,1
495,1987,1
495,1994,1
495,1996,1
495,1997,1
495,1998,1
495,2000,3
495,2004,1
495,2005,3
495,2006,4
495,2007,2
495,2008,1
495,2009,1
495,2010,2
495,2011,1
495,2015,1
496,1968,1
496,2002,1
496,2004,2
496,2005,1
496,2009,2
496,2011,1
496,2012,1
496,2013,2
496,2014,2
496,2015,3
496,2016,1
496,2018,1
497,2006,1
497,2009,1
497,2012,1
497,2013,1
497,2016,1
498,1993,1
498,1994,1
498,1995,1
498,1996,2
498,1997,1
498,1998,3
498,1999,2
498,2000,4
498,2002,2
498,2004,1
498,2005,1
498,2006,1
498,2007,2
498,2010,2
498,2011,2
498,2012,2
498,2013,2
498,2014,4
498,2015,1
498,2016,1
498,2018,1
499,2007,1
499,2009,1
499,2010,1
499,2012,1
499,2014,1
500,1988,1
500,2000,1
500,2001,1
500,2002,1
500,2006,1
500,2015,1
501,1959,1
501,1961,1
501,1969,1
501,1976,2
501,1978,2
501,1981,2
501,1982,2
501,1984,1
501,1989,3
501,1990,2
501,1992,2
501,1996,3
501,1998,1
501,1999,3
501,2000,3
501,2002,2
501,2004,2
501,2005,1
501,2006,1
501,2007,1
501,2009,1
501,2010,2
501,2012,1
502,1991,1
502,1993,1
502,1994,1
502,1995,1
502,1996,1
502,1997,1
502,2000,2
502,2001,1
502,2002,1
502,2004,1
502,2006,2
502,2008,2
502,2011,1
502,2014,1
502,2016,1
503,1972,1
503,1973,1
503,1975,2
503,1976,2
503,1977,1
503,1978,2
503,1979,1
503,1984,2
503,1985,1
503,1986,2
503,1988,2
503,1989,3
503,1991,1
503,1992,1
503,1993,1
503,1995,1
503,1999,1
503,2001,1
503,2003,1
503,2009,1
503,2011,1
504,1986,1
504,1987,1
504,1989,4
504,1990,3
504,1991,3
504,1992,4
504,1993,4
504,1994,7
504,1995,4
504,1996,8
504,1997,8
504,1998,7
504,1999,10
504,2000,16
504,2001,22
504,2002,35
504,2003,24
504,2004,34
504,2005,21
504,2006,24
504,2007,34
504,2008,16
504,2009,21
504,2010,20
504,2011,14
504,2012,24
504,2013,14
504,2014,16
504,2015,23
504,2016,8
504,2017,5
504,2018,12
505,2003,1
506,2004,1
507,2005,1
508,2008,2
508,2010,2
508,2011,1
508,2012,1
508,2013,1
508,2014,1
508,2016,1
509,2001,1
509,2002,3
509,2003,2
509,2004,2
509,2005,3
509,2006,8
509,2007,6
509,2008,7
509,2009,11
509,2010,6
509,2011,6
509,2012,8
509,2013,12
509,2014,8
509,2015,9
509,2017,1
509,2018,1
510,2003,1
510,2009,1
510,2012,1
510,2013,1
510,2014,1
510,2015,1
511,1966,1
511,1969,1
511,1982,1
511,1985,1
511,2000,1
512,1991,1
512,1993,2
512,1995,2
512,1996,3
512,1998,1
512,2001,1
512,2002,1
512,2003,3
512,2005,1
512,2006,2
512,2008,1
512,2010,4
512,2011,1
512,2012,2
512,2015,1
513,1951,1
513,1954,1
513,1955,2
513,1957,1
513,1958,1
513,1959,2
513,1961,2
513,1962,2
513,1963,1
513,1964,2
513,1966,1
513,1969,2
513,1970,2
513,1971,1
513,1973,3
513,1974,1
513,1975,1
513,1976,2
513,1977,4
513,1978,3
513,1979,2
513,1980,2
513,1981,1
513,1983,3
513,1986,2
513,1987,1
513,1989,1
513,1991,2
513,1992,1
513,1993,1
513,1995,1
513,1997,1
513,2003,1
513,2006,2
513,2007,1
513,2008,1
513,2009,2
513,2011,2
513,2012,2
513,2013,1
513,2014,3
514,2000,1
514,2002,1
514,2003,1
514,2004,2
514,2007,1
514,2008,1
514,2009,4
514,2010,3
514,2011,2
514,2012,4
514,2013,3
514,2014,7
514,2015,5
514,2017,3
514,2018,1
515,1987,1
515,1999,1
516,2003,1
516,2011,1
516,2013,1
517,1979,1
517,2012,1
517,2014,1
517,2015,1
518,1976,1
518,1978,1
518,1981,1
518,1990,1
518,1992,2
518,1995,1
518,1996,1
518,1999,1
518,2000,2
518,2003,1
518,2006,1
518,2009,1
518,2011,1
518,2012,1
518,2015,1
519,1977,1
519,1984,1
519,1986,1
519,2005,1
519,2006,3
519,2009,1
519,2010,1
519,2012,1
520,2008,1
520,2012,1
520,2014,1
521,2006,1
521,2007,1
521,2009,1
521,2010,1
521,2011,4
521,2012,1
521,2013,3
521,2014,2
521,2015,2
521,2016,1
522,2014,1
523,1980,1
523,1989,1
523,1990,1
523,1991,1
523,1994,1
523,1996,1
523,2006,1
523,2012,1
524,1979,1
524,1980,1
524,1989,1
524,1991,1
524,1992,1
524,1993,2
524,1994,2
524,1995,2
524,1996,3
524,1998,3
524,1999,1
524,2000,3
524,2001,3
524,2002,4
524,2003,5
524,2004,2
524,2005,3
524,2006,3
524,2007,5
524,2008,7
524,2009,2
524,2010,4
524,2011,2
524,2012,4
524,2013,3
524,2014,4
524,2015,2
524,2017,2
524,2018,1
525,2001,1
526,1990,1
526,2003,1
526,2004,1
526,2006,1
526,2007,1
526,2015,2
526,2016,1
527,1951,1
527,1972,1
527,1979,1
527,1981,1
527,1989,1
527,1991,1
527,1992,1
527,1994,1
527,1995,3
527,1996,2
527,1997,2
527,1998,1
527,1999,3
527,2000,6
527,2001,2
527,2002,3
527,2003,2
527,2004,2
527,2006,3
527,2007,3
527,2008,1
527,2009,2
527,2010,5
527,2011,2
527,2012,2
527,2013,3
527,2014,1
527,2015,1
527,2017,1
527,2018,1
528,1991,1
528,1992,1
529,1988,1
529,1993,1
529,1995,1
529,2007,1
529,2013,1
529,2014,1
529,2015,1
529,2016,1
530,1972,1
530,1975,1
530,1977,1
530,1978,1
530,1981,1
530,1982,1
530,2006,1
530,2012,1
531,1970,1
531,1980,1
531,1982,1
531,1990,1
532,1980,1
532,1988,1
532,2008,1
533,2006,1
534,1992,1
534,2003,1
534,2006,1
534,2013,1
535,2011,1
536,2010,1
536,2011,1
537,1977,1
537,2004,1
538,2006,1
539,2003,1
540,1995,2
540,1996,1
540,1997,1
540,1999,1
540,2001,1
540,2002,1
540,2004,3
540,2005,2
540,2006,2
540,2007,5
540,2008,3
540,2009,3
540,2010,7
540,2011,6
540,2012,6
540,2013,4
540,2014,4
540,2015,6
540,2017,1
541,2003,1
541,2007,2
541,2008,1
541,2009,1
541,2012,1
542,1995,2
542,1998,3
542,2000,5
542,2001,4
542,2002,3
542,2003,1
542,2004,2
542,2005,1
542,2008,1
542,2010,3
542,2012,1
542,2015,1
543,2011,1
544,1987,1
544,1993,1
544,2006,1
545,1965,1
545,1973,1
545,1975,1
545,1979,1
545,2006,1
545,2013,1
545,2014,1
545,2015,1
546,2007,1
546,2009,1
546,2010,1
546,2015,2
547,2009,2
548,1993,2
548,1994,4
548,1995,1
548,1996,1
548,1997,3
548,1998,2
548,1999,4
548,2000,1
548,2002,1
548,2004,1
548,2005,1
548,2007,1
548,2009,1
548,2012,1
548,2013,1
548,2014,1
548,2016,1
549,2012,1
550,2000,1
550,2006,1
550,2013,2
551,2014,1
552,2006,1
552,2008,1
552,2009,1
552,2010,1
552,2012,2
552,2014,2
552,2015,3
553,2002,1
553,2004,1
553,2009,1
553,2010,3
553,2012,1
553,2013,1
553,2015,2
553,2017,1
554,1986,2
554,1992,2
554,1993,1
554,1994,1
554,1995,2
554,1998,1
554,1999,1
554,2000,1
554,2001,2
554,2009,1
555,1998,1
555,2005,1
555,2012,1
555,2014,1
556,2003,1
556,2004,1
556,2005,1
556,2011,1
557,2000,1
557,2004,2
557,2006,2
558,2003,1
558,2006,1
558,2007,1
559,1997,1
559,1998,1
559,2004,1
559,2005,1
559,2006,2
559,2007,1
560,2007,1
560,2008,1
561,2004,2
561,2006,1
561,2008,1
561,2009,1
561,2011,1
561,2013,1
562,2002,1
562,2005,1
562,2009,3
562,2011,2
562,2013,2
562,2014,1
563,2004,1
563,2005,1
563,2009,1
563,2010,2
563,2011,1
563,2013,2
563,2017,1
563,2018,1
564,2006,2
564,2008,2
564,2009,3
564,2010,2
564,2011,4
564,2012,2
564,2013,1
564,2014,1
564,2015,2
564,2016,1
565,2012,1
566,2004,1
566,2010,1
567,2012,1
568,2011,1
569,2008,1
570,2005,1
570,2008,1
570,2010,1
571,2011,1
572,2011,1
573,2005,1
574,2010,1
575,1988,1
576,1961,1
576,1973,1
576,1978,1
576,1979,1
576,1980,2
576,1981,1
576,1984,1
576,1988,1
577,2014,1
577,2015,1
577,2016,1
577,2017,2
577,2018,1
578,1968,1
578,1969,1
578,1976,2
578,1977,3
578,1978,1
578,1980,8
578,1981,1
578,1983,3
578,1984,5
578,1985,2
578,1989,2
578,1990,1
578,1991,1
578,1992,2
578,1993,6
578,1994,2
578,1996,3
578,1997,3
578,1998,1
578,1999,3
578,2000,5
578,2001,1
578,2002,4
578,2003,2
578,2004,4
578,2005,1
578,2006,1
578,2007,1
578,2008,7
578,2009,1
578,2010,4
578,2011,3
578,2012,7
578,2013,2
578,2015,2
578,2016,2
579,2008,1
579,2015,1
580,2002,1
580,2003,1
580,2008,1
580,2012,1
580,2013,2
580,2014,1
581,1954,1
581,1971,1
581,1974,2
581,1977,2
581,1979,2
581,1983,1
581,1989,1
581,1991,2
581,1992,2
581,1993,2
581,1994,1
581,1995,1
581,1996,2
581,1997,3
581,1999,2
581,2001,3
581,2002,7
581,2003,1
581,2004,3
581,2005,3
581,2006,4
581,2007,4
581,2008,3
581,2009,3
581,2011,1
581,2012,3
581,2013,2
581,2014,1
581,2015,3
582,1992,2
582,1994,2
582,1997,2
582,1999,2
582,2013,1
583,2013,1
583,2014,1
584,2010,1
584,2011,1
584,2013,1
584,2014,2
584,2015,1
585,1972,2
585,1974,1
585,1978,1
585,1979,1
585,1985,1
585,1987,2
585,1988,1
585,1992,1
585,2000,1
585,2001,2
585,2004,1
585,2005,1
585,2007,1
585,2009,1
585,2011,1
586,1974,1
586,1977,1
586,1979,1
586,1987,1
586,1993,1
586,1994,1
586,1999,1
586,2000,1
586,2002,1
586,2014,1
587,1970,1
587,1994,1
587,2003,1
588,1989,1
588,1997,2
588,1998,1
588,2000,1
588,2006,1
588,2008,1
588,2012,1
588,2013,1
588,2014,1
589,1972,1
589,1998,1
589,2003,1
590,1985,1
590,1990,2
590,1995,1
591,1989,1
592,1967,1
592,1997,1
592,2015,1
593,2013,1
594,2009,1
594,2010,1
595,2015,1
596,1978,1
596,1982,1
596,1986,1
596,1987,1
596,1999,1
596,2007,1
596,2010,1
597,2014,1
598,1984,1
598,1994,1
598,1995,1
598,2005,1
598,2011,1
598,2012,1
598,2013,1
598,2015,1
599,1972,2
599,1975,1
599,1985,1
599,2009,2
599,2010,1
600,1969,1
600,2001,1
601,1986,1
601,1987,1
601,1988,1
601,1994,1
601,1996,1
602,1983,1
603,1995,1
604,2003,1
605,2009,1
606,2005,1
607,2011,1
608,2010,1
609,2004,1
610,2001,1
611,2006,1
612,2011,1
613,1974,1
613,1993,1
613,1994,1
613,1995,1
613,2005,2
613,2007,1
613,2011,1
613,2013,1
613,2014,3
613,2015,1
613,2018,1
614,1989,1
614,2007,1
615,1963,1
615,1986,1
615,2004,1
615,2010,1
616,2002,1
616,2005,1
616,2007,1
616,2008,2
616,2009,2
616,2010,1
616,2013,1
616,2014,1
616,2015,1
616,2017,1
617,1962,1
617,1966,2
617,1968,4
617,1969,1
617,1970,1
617,1971,1
617,1973,1
617,1974,2
617,1975,1
617,1976,4
617,1977,6
617,1978,4
617,1979,6
617,1980,4
617,1981,3
617,1982,2
617,1983,4
617,1984,4
617,1985,6
617,1986,7
617,1987,1
617,1988,2
617,1989,7
617,1990,11
617,1991,16
617,1992,19
617,1993,15
617,1994,12
617,1995,14
617,1996,12
617,1997,16
617,1998,7
617,1999,12
617,2000,18
617,2001,14
617,2002,10
617,2003,13
617,2004,13
617,2005,18
617,2006,26
617,2007,25
617,2008,14
617,2009,17
617,2010,19
617,2011,25
617,2012,25
617,2013,14
617,2014,22
617,2015,16
617,2016,2
617,2017,4
617,2018,7
618,2008,1
619,1965,1
619,1984,1
619,1989,1
619,1990,1
619,1993,1
619,1994,1
619,1997,1
619,2008,1
620,2001,1
620,2007,1
620,2012,1
620,2014,1
620,2015,1
621,2012,1
622,2008,1
623,1994,1
623,2000,1
623,2005,2
623,2009,1
623,2012,1
623,2013,1
623,2015,1
623,2017,1
624,1996,1
624,1999,1
624,2003,2
624,2005,1
624,2006,1
624,2007,1
624,2008,1
625,1970,1
625,1993,1
625,1999,1
625,2010,1
626,1970,1
626,1971,1
626,1984,1
626,1988,1
626,2007,1
626,2008,1
626,2011,1
626,2013,1
626,2014,2
626,2016,2
627,1986,1
627,1988,2
627,1990,2
627,2010,1
627,2012,1
627,2014,1
628,2004,1
628,2018,1
629,1993,1
629,2001,1
629,2003,1
629,2008,1
629,2010,1
629,2013,2
630,2005,1
631,2013,1
632,2007,1
632,2010,1
632,2014,1
633,1957,1
633,1972,1
633,2015,1
634,2012,1
635,2013,1
636,2000,1
637,1968,1
637,1970,1
637,1991,1
637,2002,1
637,2008,1
638,1996,1
638,2002,2
638,2004,1
638,2015,1
639,2004,1
639,2007,1
639,2009,1
640,1997,1
641,1997,1
642,1999,1
643,1972,1
643,1989,1
643,1999,1
643,2004,1
644,1988,1
644,1994,1
644,1995,1
644,1999,1
645,2010,1
646,1973,1
646,1976,3
646,1977,2
646,1978,3
646,1979,2
646,1980,4
646,1981,2
646,1982,5
646,1983,6
646,1984,1
646,1985,1
647,1971,1
647,1972,1
647,1974,1
647,1978,1
647,1979,2
647,1981,1
647,1984,2
647,1985,2
647,1986,4
647,1987,3
647,1988,2
647,1989,2
647,1991,1
647,1993,3
648,1983,1
649,1985,1
650,1986,1
650,1992,2
651,1991,1
652,1996,1
652,1998,1
652,2006,1
653,2015,1
654,1998,1
654,2001,1
654,2003,1
654,2006,1
654,2007,1
654,2012,1
655,2003,1
656,2010,1
656,2014,1
656,2015,1
657,2014,2
657,2015,1
658,2010,1
658,2013,1
658,2014,1
658,2015,3
659,2014,1
660,2012,1
661,2010,1
662,2010,1
662,2012,1
663,2011,1
664,2002,1
665,1990,1
665,1995,1
665,1999,1
665,2012,1
665,2015,1
666,1999,1
667,2013,1
668,2014,1
669,2002,1
670,1989,1
670,2009,1
670,2018,1
671,1977,1
671,1980,1
672,1999,1
673,2003,1
674,2000,1
675,2002,1
675,2004,1
676,2000,1
677,2011,1
678,1979,1
678,1997,1
678,2000,1
679,2012,1
680,2013,1
681,2008,1
683,1985,1
684,1987,2
684,1988,1
685,2015,1
686,1954,1
686,1955,1
686,1956,1
686,1958,1
686,1959,4
686,1960,2
686,1962,4
686,1965,2
686,1967,1
686,1968,1
686,1973,1
686,1976,2
686,1978,1
686,1979,1
686,1980,1
686,1981,1
686,1984,1
686,1991,1
686,1996,1
686,1999,1
686,2000,2
686,2001,9
686,2004,10
686,2005,7
686,2006,6
686,2007,2
686,2010,1
686,2012,2
686,2013,1
686,2014,1
686,2015,1
686,2018,1
688,2003,1
689,2002,1
690,2006,1
690,2009,1
691,2006,1
691,2015,1
692,1989,1
692,2006,1
693,1973,1
693,1998,1
693,2004,1
693,2005,1
694,2005,1
695,2004,1
696,2002,1
697,2003,1
697,2015,1
698,1971,1
698,1973,1
698,2003,1
698,2004,1
699,1977,1
699,2005,1
700,1955,1
700,1964,1
700,2002,1
701,1968,1
701,1970,1
701,1988,1
701,1990,1
701,1995,1
701,2005,1
702,1989,1
702,1993,1
702,2004,1
703,2006,1
704,2004,1
705,2003,1
706,1971,1
706,1973,1
706,1974,1
706,1979,1
706,1983,1
706,1984,1
706,1986,1
706,1989,2
706,1993,1
706,2003,1
707,2006,1
708,2005,1
709,2004,1
710,2007,2
711,2007,1
711,2015,1
711,2018,1
712,1999,1
713,1985,1
713,1987,1
713,2002,1
714,1972,1
714,1997,1
717,1954,1
717,1962,1
717,2002,1
718,1990,1
718,2002,1
719,2005,1
719,2015,1
720,1978,1
720,2015,1
721,2015,1
722,2015,1
723,2015,1
724,1976,1
724,1982,1
724,1983,1
724,1985,1
725,1964,1
725,2015,1
726,1984,1
727,1992,1
728,1994,1
729,1966,1
729,1992,1
730,1993,1
731,1980,1
732,1967,1
732,1978,1
732,1980,1
732,1985,1
732,1988,2
733,1966,1
734,1978,1
735,1989,1
736,1988,1
737,1972,1
737,1973,2
738,1975,1
738,1985,1
738,1988,1
739,1988,1
739,2007,1
740,1980,1
740,1983,1
740,1991,1
740,1997,1
740,2017,1
741,1994,1
741,1997,1
742,1980,1
743,1980,1
743,1996,1
744,1974,1
745,1991,1
746,1971,1
746,1973,1
747,1974,1
747,1976,1
748,1977,1
749,1980,1
750,1986,1
750,1993,1
751,1980,1
752,1975,1
753,1969,1
754,1970,1
754,1972,1
754,1974,1
754,1978,3
754,1981,2
754,1982,1
754,1985,1
754,1986,1
754,1988,1
754,1991,1
755,1979,1
755,1981,1
755,1983,2
755,1988,1
756,1974,1
757,1983,1
757,1990,1
757,1992,1
758,1976,2
759,1962,1
759,1972,1
760,1962,1
760,1973,1
760,1978,1
760,1979,1
760,1981,1
761,1976,1
763,1988,1
763,2009,1
764,1978,1
765,1977,1
766,1980,1
767,1958,2
767,1964,1
767,1966,1
768,1973,1
768,1980,1
769,1978,1
769,1991,1
769,1992,1
769,1993,1
769,1995,1
770,1986,1
771,1977,1
771,1979,1
772,1987,1
773,1980,1
774,1964,2
774,1969,1
774,1970,1
774,1979,1
774,1981,1
774,1986,1
774,1990,1
775,1979,1
776,1966,1
776,1980,1
777,1975,1
777,1978,1
777,1982,1
777,1986,1
778,1977,1
779,1976,1
779,1986,1
780,1965,1
780,1983,1
780,1990,1
781,1994,1
782,1989,1
783,1979,1
784,1984,1
785,1971,1
786,1968,1
786,1970,2
786,1973,1
786,1974,1
786,1980,1
786,1994,1
787,1975,1
788,1966,1
789,1968,1
789,1981,1
790,1969,1
791,1977,1
791,1985,1
791,1986,1
791,1988,1
792,1983,1
792,1998,1
793,1976,1
793,1977,2
793,1998,1
794,1978,1
794,1980,1
794,1984,1
795,1970,1
796,1969,1
796,1970,1
796,1971,1
797,1973,1
798,1970,1
799,1967,1
800,1986,1
801,1976,1
801,1995,1
802,1976,1
803,1967,1
803,1994,1
804,1970,1
805,1971,1
806,1965,1
807,1970,1
808,1981,1
808,1982,1
808,1990,1
809,1973,2
810,1986,1
811,1965,1
811,1968,1
812,1984,1
813,1957,1
813,1960,1
813,1977,1
813,1998,1
813,2006,1
814,1995,1
815,1993,1
816,1965,1
817,1965,1
817,1973,1
817,1989,1
818,1993,1
819,1971,1
819,1979,1
820,1986,1
821,1966,1
822,1995,1
823,1975,1
824,1984,1
825,1983,1
826,1968,1
827,1989,1
828,1979,1
829,1986,1
830,1975,1
831,1977,1
832,1978,2
832,1980,1
833,1978,1
834,1996,2
834,2005,1
834,2007,1
835,1962,1
835,1964,1
835,1966,2
835,1967,1
835,1969,1
835,1972,1
836,1989,1
837,1967,1
838,1983,1
839,1974,1
839,1976,1
840,1988,1
841,1975,1
842,1986,1
843,1951,1
843,1954,1
843,1962,1
844,1979,1
844,1980,1
844,1997,1
845,1968,1
846,1994,1
847,1971,1
848,1957,1
849,1959,1
849,1978,1
850,1983,1
851,1959,1
851,1986,1
851,1993,1
852,1992,1
853,1984,1
854,1995,1
855,1980,1
856,1978,1
857,1980,1
857,1995,1
858,1983,1
859,1976,1
860,1978,1
860,1987,1
861,1963,1
861,1966,1
861,1969,1
861,1979,1
861,1983,1
862,1976,3
862,1977,1
862,1980,3
862,1981,1
862,1982,4
862,1983,1
862,1984,2
862,1986,1
862,1992,1
862,1994,1
862,1998,1
863,1975,1
864,1966,1
865,1992,1
866,1981,1
866,1988,1
867,1962,1
867,1989,1
868,1979,1
869,1961,1
870,1989,1
871,1986,1
872,1980,1
873,1978,1
874,1988,1
875,1977,1
876,1987,1
876,2007,1
877,1994,2
877,1995,1
877,2009,2
877,2015,1
878,1988,1
879,1976,1
879,1977,1
880,1980,1
881,1956,1
881,1959,1
881,1996,1
881,2010,1
882,1975,1
883,1954,1
883,1988,1
884,1988,1
885,1957,1
886,1988,1
887,1980,1
888,1976,1
889,1989,1
890,1984,1
891,1989,1
892,1976,1
892,1997,1
893,1979,1
893,2008,1
894,1978,1
895,1975,1
895,1981,1
895,1993,1
896,1957,1
896,1977,1
897,1966,1
898,1962,1
899,1976,1
899,1977,1
900,1966,1
901,1994,1
902,1978,1
903,1986,1
904,1976,1
904,1989,1
904,1991,1
905,1958,1
906,2011,1
907,2015,1
908,1985,1
909,1977,1
910,1998,1
911,1998,1
912,1971,1
912,1972,1
912,1973,1
912,1978,1
914,1990,1
915,1995,1
915,1996,1
916,1955,1
917,1991,1
918,1972,1
918,1974,1
919,1998,1
920,1998,1
921,1973,1
922,1991,1
923,1990,1
923,2010,2
923,2015,1
923,2018,1
924,1972,1
925,1974,1
926,1997,1
927,1997,1
928,1997,1
929,2015,1
930,2015,1
931,2015,1
932,1970,1
932,1971,1
932,2015,1
933,2015,1
934,2007,1
935,2007,1
936,1979,1
936,1987,1
936,1990,1
937,1991,1
938,1990,1
939,1996,1
940,1992,1
941,1994,1
942,1993,1
943,1993,1
944,2013,1
945,1991,1
945,2013,1
948,1990,1
949,1990,1
950,1974,1
951,1974,1
952,1972,2
953,1972,1
954,1972,1
955,1971,1
956,1971,1
957,1971,1
958,1971,1
959,1971,1
960,1971,1
962,2015,1
963,1987,2
964,1987,1
965,1985,1
966,1974,1
967,1974,1
968,1970,1
968,1973,1
969,1973,1
971,1970,1
972,1970,1
973,1970,1
974,1970,1
975,1970,1
976,1969,1
977,1969,1
978,1969,1
979,1968,1
980,1968,1
981,1968,1
982,1966,1
983,1965,1
984,1965,1
988,2006,1
995,2013,1
997,2013,1
998,2009,1
1031,2015,1
1035,1982,1
1048,1995,1
1049,1996,1
1050,1996,1
1051,1990,1
1052,2002,1
1054,1978,1
1080,2013,1
1096,2000,1
1096,2016,1
1100,2013,1
1100,2014,1
1119,2010,1
1149,2011,1
1158,1977,1
1193,2008,1
1232,2009,1
1239,1980,1
1295,2018,1
1316,1998,1
1316,2009,1
1325,1978,1
1325,2007,1
1330,1976,1
1357,2005,1
1357,2012,1
1357,2017,1
1369,1988,1
1370,2010,1
1385,1981,1
1411,2003,1
1443,2013,1
1445,1978,1
1513,2001,1
1548,1984,1
1559,1977,1
1570,1995,1
1843,1976,1
1843,1977,1
1844,2017,1
1845,1978,1
1846,2011,1
1847,1978,1
1848,2016,1
1849,1986,1
1850,2013,1
1851,2016,1
1852,2017,1
1853,1993,1
1854,2013,1
1855,1980,1
1856,1980,1
1857,2018,1
1858,2017,1
1859,2011,1
1860,2002,1
1861,1978,1
1862,1985,1
1863,2010,1
1864,2004,1
1865,1993,1
1866,1988,1
1867,1983,1
1868,1981,1
1869,1980,1
1869,1981,1
1870,2013,1
1871,2015,1
1872,1980,1
1873,2011,1
1874,2016,1
1875,2009,1
1875,2014,1
1876,2017,2
1877,1983,1
1878,1977,1
1880,2006,1
1880,2009,1
1881,1992,1
1883,1991,1
1884,2006,1
1885,2015,1
1886,1977,1
1887,1977,1
1888,1990,1
1889,2018,1
1890,2013,1
1891,2015,1
1892,1982,1
1893,2013,1
1894,1998,1
1895,1978,1
1896,2016,1
1897,1978,1
1897,1986,1
1898,1984,1
1899,1977,1
